Release Date,Series,Set Name,Card Name,Card Number,Rarity,Price,Picture URL
1999/01/09,Base,Base,Alakazam,1,Rare Holo,$87.20,https://images.pokemontcg.io/base1/1_hires.png
1999/01/09,Base,Base,Mewtwo,10,Rare Holo,$78.48,https://images.pokemontcg.io/base1/10_hires.png
1999/01/09,Base,Base,Nidoking,11,Rare Holo,$39.22,https://images.pokemontcg.io/base1/11_hires.png
1999/01/09,Base,Base,Ninetales,12,Rare Holo,$35.98,https://images.pokemontcg.io/base1/12_hires.png
1999/01/09,Base,Base,Poliwrath,13,Rare Holo,$37.31,https://images.pokemontcg.io/base1/13_hires.png
1999/01/09,Base,Base,Raichu,14,Rare Holo,$70.29,https://images.pokemontcg.io/base1/14_hires.png
1999/01/09,Base,Base,Venusaur,15,Rare Holo,$157.32,https://images.pokemontcg.io/base1/15_hires.png
1999/01/09,Base,Base,Zapdos,16,Rare Holo,$53.69,https://images.pokemontcg.io/base1/16_hires.png
1999/01/09,Base,Base,Blastoise,2,Rare Holo,$232.06,https://images.pokemontcg.io/base1/2_hires.png
1999/01/09,Base,Base,Chansey,3,Rare Holo,$66.55,https://images.pokemontcg.io/base1/3_hires.png
1999/01/09,Base,Base,Charizard,4,Rare Holo,$773.51,https://images.pokemontcg.io/base1/4_hires.png
1999/01/09,Base,Base,Clefairy,5,Rare Holo,$41.36,https://images.pokemontcg.io/base1/5_hires.png
1999/01/09,Base,Base,Gyarados,6,Rare Holo,$50.00,https://images.pokemontcg.io/base1/6_hires.png
1999/01/09,Base,Base,Hitmonchan,7,Rare Holo,$24.36,https://images.pokemontcg.io/base1/7_hires.png
1999/01/09,Base,Base,Machamp,8,Rare Holo,N/A,https://images.pokemontcg.io/base1/8_hires.png
1999/01/09,Base,Base,Magneton,9,Rare Holo,$36.18,https://images.pokemontcg.io/base1/9_hires.png
1999/06/16,Base,Jungle,Clefable,1,Rare Holo,$122.26,https://images.pokemontcg.io/base2/1_hires.png
1999/06/16,Base,Jungle,Scyther,10,Rare Holo,$139.25,https://images.pokemontcg.io/base2/10_hires.png
1999/06/16,Base,Jungle,Snorlax,11,Rare Holo,$371.69,https://images.pokemontcg.io/base2/11_hires.png
1999/06/16,Base,Jungle,Vaporeon,12,Rare Holo,$33.99,https://images.pokemontcg.io/base2/12_hires.png
1999/06/16,Base,Jungle,Venomoth,13,Rare Holo,$89.30,https://images.pokemontcg.io/base2/13_hires.png
1999/06/16,Base,Jungle,Victreebel,14,Rare Holo,$104.48,https://images.pokemontcg.io/base2/14_hires.png
1999/06/16,Base,Jungle,Vileplume,15,Rare Holo,$90.88,https://images.pokemontcg.io/base2/15_hires.png
1999/06/16,Base,Jungle,Wigglytuff,16,Rare Holo,$78.38,https://images.pokemontcg.io/base2/16_hires.png
1999/06/16,Base,Jungle,Electrode,2,Rare Holo,$56.62,https://images.pokemontcg.io/base2/2_hires.png
1999/06/16,Base,Jungle,Flareon,3,Rare Holo,$143.68,https://images.pokemontcg.io/base2/3_hires.png
1999/06/16,Base,Jungle,Jolteon,4,Rare Holo,$237.15,https://images.pokemontcg.io/base2/4_hires.png
1999/06/16,Base,Jungle,Kangaskhan,5,Rare Holo,$80.71,https://images.pokemontcg.io/base2/5_hires.png
1999/06/16,Base,Jungle,Mr. Mime,6,Rare Holo,$116.92,https://images.pokemontcg.io/base2/6_hires.png
1999/06/16,Base,Jungle,Nidoqueen,7,Rare Holo,$106.31,https://images.pokemontcg.io/base2/7_hires.png
1999/06/16,Base,Jungle,Pidgeot,8,Rare Holo,$138.57,https://images.pokemontcg.io/base2/8_hires.png
1999/06/16,Base,Jungle,Pinsir,9,Rare Holo,$84.70,https://images.pokemontcg.io/base2/9_hires.png
1999/10/10,Base,Fossil,Aerodactyl,1,Rare Holo,$81.49,https://images.pokemontcg.io/base3/1_hires.png
1999/10/10,Base,Fossil,Lapras,10,Rare Holo,$106.88,https://images.pokemontcg.io/base3/10_hires.png
1999/10/10,Base,Fossil,Magneton,11,Rare Holo,$44.90,https://images.pokemontcg.io/base3/11_hires.png
1999/10/10,Base,Fossil,Moltres,12,Rare Holo,$184.95,https://images.pokemontcg.io/base3/12_hires.png
1999/10/10,Base,Fossil,Muk,13,Rare Holo,$51.49,https://images.pokemontcg.io/base3/13_hires.png
1999/10/10,Base,Fossil,Raichu,14,Rare Holo,$117.84,https://images.pokemontcg.io/base3/14_hires.png
1999/10/10,Base,Fossil,Zapdos,15,Rare Holo,$127.76,https://images.pokemontcg.io/base3/15_hires.png
1999/10/10,Base,Fossil,Articuno,2,Rare Holo,$202.49,https://images.pokemontcg.io/base3/2_hires.png
1999/10/10,Base,Fossil,Ditto,3,Rare Holo,$112.01,https://images.pokemontcg.io/base3/3_hires.png
1999/10/10,Base,Fossil,Dragonite,4,Rare Holo,$461.75,https://images.pokemontcg.io/base3/4_hires.png
1999/10/10,Base,Fossil,Gengar,5,Rare Holo,$371.83,https://images.pokemontcg.io/base3/5_hires.png
1999/10/10,Base,Fossil,Haunter,6,Rare Holo,$132.14,https://images.pokemontcg.io/base3/6_hires.png
1999/10/10,Base,Fossil,Hitmonlee,7,Rare Holo,$84.75,https://images.pokemontcg.io/base3/7_hires.png
1999/10/10,Base,Fossil,Hypno,8,Rare Holo,$68.66,https://images.pokemontcg.io/base3/8_hires.png
1999/10/10,Base,Fossil,Kabutops,9,Rare Holo,$111.90,https://images.pokemontcg.io/base3/9_hires.png
2000/02/24,Base,Base Set 2,Alakazam,1,Rare Holo,$55.24,https://images.pokemontcg.io/base4/1_hires.png
2000/02/24,Base,Base Set 2,Mewtwo,10,Rare Holo,$60.92,https://images.pokemontcg.io/base4/10_hires.png
2000/02/24,Base,Base Set 2,Nidoking,11,Rare Holo,$42.05,https://images.pokemontcg.io/base4/11_hires.png
2000/02/24,Base,Base Set 2,Nidoqueen,12,Rare Holo,$32.07,https://images.pokemontcg.io/base4/12_hires.png
2000/02/24,Base,Base Set 2,Ninetales,13,Rare Holo,$32.87,https://images.pokemontcg.io/base4/13_hires.png
2000/02/24,Base,Base Set 2,Pidgeot,14,Rare Holo,$38.14,https://images.pokemontcg.io/base4/14_hires.png
2000/02/24,Base,Base Set 2,Poliwrath,15,Rare Holo,$18.78,https://images.pokemontcg.io/base4/15_hires.png
2000/02/24,Base,Base Set 2,Raichu,16,Rare Holo,$55.92,https://images.pokemontcg.io/base4/16_hires.png
2000/02/24,Base,Base Set 2,Scyther,17,Rare Holo,$34.97,https://images.pokemontcg.io/base4/17_hires.png
2000/02/24,Base,Base Set 2,Venusaur,18,Rare Holo,$99.41,https://images.pokemontcg.io/base4/18_hires.png
2000/02/24,Base,Base Set 2,Wigglytuff,19,Rare Holo,$24.73,https://images.pokemontcg.io/base4/19_hires.png
2000/02/24,Base,Base Set 2,Blastoise,2,Rare Holo,$144.18,https://images.pokemontcg.io/base4/2_hires.png
2000/02/24,Base,Base Set 2,Zapdos,20,Rare Holo,$38.46,https://images.pokemontcg.io/base4/20_hires.png
2000/02/24,Base,Base Set 2,Chansey,3,Rare Holo,$22.20,https://images.pokemontcg.io/base4/3_hires.png
2000/02/24,Base,Base Set 2,Charizard,4,Rare Holo,$466.74,https://images.pokemontcg.io/base4/4_hires.png
2000/02/24,Base,Base Set 2,Clefable,5,Rare Holo,$30.38,https://images.pokemontcg.io/base4/5_hires.png
2000/02/24,Base,Base Set 2,Clefairy,6,Rare Holo,$21.06,https://images.pokemontcg.io/base4/6_hires.png
2000/02/24,Base,Base Set 2,Gyarados,7,Rare Holo,$41.28,https://images.pokemontcg.io/base4/7_hires.png
2000/02/24,Base,Base Set 2,Hitmonchan,8,Rare Holo,$23.27,https://images.pokemontcg.io/base4/8_hires.png
2000/02/24,Base,Base Set 2,Magneton,9,Rare Holo,$23.68,https://images.pokemontcg.io/base4/9_hires.png
2000/04/24,Base,Team Rocket,Dark Alakazam,1,Rare Holo,$159.59,https://images.pokemontcg.io/base5/1_hires.png
2000/04/24,Base,Team Rocket,Dark Machamp,10,Rare Holo,$134.28,https://images.pokemontcg.io/base5/10_hires.png
2000/04/24,Base,Team Rocket,Dark Magneton,11,Rare Holo,$98.15,https://images.pokemontcg.io/base5/11_hires.png
2000/04/24,Base,Team Rocket,Dark Slowbro,12,Rare Holo,$96.30,https://images.pokemontcg.io/base5/12_hires.png
2000/04/24,Base,Team Rocket,Dark Vileplume,13,Rare Holo,$64.64,https://images.pokemontcg.io/base5/13_hires.png
2000/04/24,Base,Team Rocket,Dark Weezing,14,Rare Holo,$45.54,https://images.pokemontcg.io/base5/14_hires.png
2000/04/24,Base,Team Rocket,Here Comes Team Rocket!,15,Rare Holo,$62.34,https://images.pokemontcg.io/base5/15_hires.png
2000/04/24,Base,Team Rocket,Rocket's Sneak Attack,16,Rare Holo,$41.69,https://images.pokemontcg.io/base5/16_hires.png
2000/04/24,Base,Team Rocket,Rainbow Energy,17,Rare Holo,$43.51,https://images.pokemontcg.io/base5/17_hires.png
2000/04/24,Base,Team Rocket,Dark Arbok,2,Rare Holo,$60.56,https://images.pokemontcg.io/base5/2_hires.png
2000/04/24,Base,Team Rocket,Dark Blastoise,3,Rare Holo,$418.00,https://images.pokemontcg.io/base5/3_hires.png
2000/04/24,Base,Team Rocket,Dark Charizard,4,Rare Holo,$444.29,https://images.pokemontcg.io/base5/4_hires.png
2000/04/24,Base,Team Rocket,Dark Dragonite,5,Rare Holo,$318.00,https://images.pokemontcg.io/base5/5_hires.png
2000/04/24,Base,Team Rocket,Dark Dugtrio,6,Rare Holo,$81.43,https://images.pokemontcg.io/base5/6_hires.png
2000/04/24,Base,Team Rocket,Dark Golbat,7,Rare Holo,$61.47,https://images.pokemontcg.io/base5/7_hires.png
2000/04/24,Base,Team Rocket,Dark Gyarados,8,Rare Holo,$161.20,https://images.pokemontcg.io/base5/8_hires.png
2000/04/24,Base,Team Rocket,Dark Raichu,83,Rare Secret,$278.87,https://images.pokemontcg.io/base5/83_hires.png
2000/04/24,Base,Team Rocket,Dark Hypno,9,Rare Holo,$82.21,https://images.pokemontcg.io/base5/9_hires.png
2001/09/21,Neo,Neo Revelation,Shining Gyarados,65,Rare Shining,$588.94,https://images.pokemontcg.io/neo3/65_hires.png
2001/09/21,Neo,Neo Revelation,Shining Magikarp,66,Rare Shining,$4321.00,https://images.pokemontcg.io/neo3/66_hires.png
2002/02/28,Neo,Neo Destiny,Shining Celebi,106,Rare Shining,$1801.00,https://images.pokemontcg.io/neo4/106_hires.png
2002/02/28,Neo,Neo Destiny,Shining Charizard,107,Rare Shining,$7583.00,https://images.pokemontcg.io/neo4/107_hires.png
2002/02/28,Neo,Neo Destiny,Shining Kabutops,108,Rare Shining,$295.00,https://images.pokemontcg.io/neo4/108_hires.png
2002/02/28,Neo,Neo Destiny,Shining Mewtwo,109,Rare Shining,$940.00,https://images.pokemontcg.io/neo4/109_hires.png
2002/02/28,Neo,Neo Destiny,Shining Noctowl,110,Rare Shining,$970.00,https://images.pokemontcg.io/neo4/110_hires.png
2002/02/28,Neo,Neo Destiny,Shining Raichu,111,Rare Shining,$595.00,https://images.pokemontcg.io/neo4/111_hires.png
2002/02/28,Neo,Neo Destiny,Shining Steelix,112,Rare Shining,$1420.69,https://images.pokemontcg.io/neo4/112_hires.png
2002/02/28,Neo,Neo Destiny,Shining Tyranitar,113,Rare Shining,$4249.99,https://images.pokemontcg.io/neo4/113_hires.png
2003/01/15,E-Card,Aquapolis,Kingdra,148,Rare Secret,$599.99,https://images.pokemontcg.io/ecard2/148_hires.png
2003/01/15,E-Card,Aquapolis,Lugia,149,Rare Secret,$2225.00,https://images.pokemontcg.io/ecard2/149_hires.png
2003/01/15,E-Card,Aquapolis,Nidoking,150,Rare Secret,$675.00,https://images.pokemontcg.io/ecard2/150_hires.png
2003/05/12,E-Card,Skyridge,Celebi,145,Rare Secret,$379.99,https://images.pokemontcg.io/ecard3/145_hires.png
2003/05/12,E-Card,Skyridge,Charizard,146,Rare Secret,$3250.00,https://images.pokemontcg.io/ecard3/146_hires.png
2003/05/12,E-Card,Skyridge,Crobat,147,Rare Secret,$350.00,https://images.pokemontcg.io/ecard3/147_hires.png
2003/05/12,E-Card,Skyridge,Golem,148,Rare Secret,$599.99,https://images.pokemontcg.io/ecard3/148_hires.png
2003/05/12,E-Card,Skyridge,Ho-oh,149,Rare Secret,$800.00,https://images.pokemontcg.io/ecard3/149_hires.png
2003/05/12,E-Card,Skyridge,Kabutops,150,Rare Secret,$1000.00,https://images.pokemontcg.io/ecard3/150_hires.png
2003/11/24,EX,Dragon,Charizard,100,Rare Secret,$772.48,https://images.pokemontcg.io/ex3/100_hires.png
2003/11/24,EX,Dragon,Charmander,98,Rare Secret,$319.97,https://images.pokemontcg.io/ex3/98_hires.png
2003/11/24,EX,Dragon,Charmeleon,99,Rare Secret,$93.87,https://images.pokemontcg.io/ex3/99_hires.png
2004/03/01,EX,Team Magma vs Team Aqua,Absol,96,Rare Secret,$165.40,https://images.pokemontcg.io/ex4/96_hires.png
2004/03/01,EX,Team Magma vs Team Aqua,Jirachi,97,Rare Secret,$165.40,https://images.pokemontcg.io/ex4/97_hires.png
2004/06/01,EX,Hidden Legends,Groudon,102,Rare Secret,$111.39,https://images.pokemontcg.io/ex5/102_hires.png
2004/09/01,EX,FireRed & LeafGreen,Charmander,113,Rare Secret,$94.99,https://images.pokemontcg.io/ex6/113_hires.png
2004/09/01,EX,FireRed & LeafGreen,Articuno ex,114,Rare Secret,$175.44,https://images.pokemontcg.io/ex6/114_hires.png
2004/09/01,EX,FireRed & LeafGreen,Moltres ex,115,Rare Secret,$180.57,https://images.pokemontcg.io/ex6/115_hires.png
2004/09/01,EX,FireRed & LeafGreen,Zapdos ex,116,Rare Secret,$149.00,https://images.pokemontcg.io/ex6/116_hires.png
2004/11/01,EX,Team Rocket Returns,Mudkip ★,107,Rare Holo Star,$3999.99,https://images.pokemontcg.io/ex7/107_hires.png
2004/11/01,EX,Team Rocket Returns,Torchic ★,108,Rare Holo Star,$1969.69,https://images.pokemontcg.io/ex7/108_hires.png
2004/11/01,EX,Team Rocket Returns,Treecko ★,109,Rare Holo Star,$2400.00,https://images.pokemontcg.io/ex7/109_hires.png
2004/11/01,EX,Team Rocket Returns,Charmeleon,110,Rare Secret,$115.62,https://images.pokemontcg.io/ex7/110_hires.png
2004/11/01,EX,Team Rocket Returns,Here Comes Team Rocket!,111,Rare Secret,$326.30,https://images.pokemontcg.io/ex7/111_hires.png
2005/02/01,EX,Deoxys,Latias ★,105,Rare Holo Star,$2300.00,https://images.pokemontcg.io/ex8/105_hires.png
2005/02/01,EX,Deoxys,Latios ★,106,Rare Holo Star,$1500.00,https://images.pokemontcg.io/ex8/106_hires.png
2005/02/01,EX,Deoxys,Rayquaza ★,107,Rare Holo Star,$2500.99,https://images.pokemontcg.io/ex8/107_hires.png
2005/02/01,EX,Deoxys,Rocket's Raikou ex,108,Rare Secret,$284.99,https://images.pokemontcg.io/ex8/108_hires.png
2005/05/01,EX,Emerald,Farfetch'd,107,Rare Secret,$100.00,https://images.pokemontcg.io/ex9/107_hires.png
2005/08/01,EX,Unseen Forces,Entei ★,113,Rare Holo Star,$0.99,https://images.pokemontcg.io/ex10/113_hires.png
2005/08/01,EX,Unseen Forces,Raikou ★,114,Rare Holo Star,$1100.00,https://images.pokemontcg.io/ex10/114_hires.png
2005/08/01,EX,Unseen Forces,Suicune ★,115,Rare Holo Star,$1100.00,https://images.pokemontcg.io/ex10/115_hires.png
2005/08/01,EX,Unseen Forces,Rocket's Persian ex,116,Rare Secret,$199.99,https://images.pokemontcg.io/ex10/116_hires.png
2005/08/01,EX,Unseen Forces,Celebi ex,117,Rare Secret,$336.66,https://images.pokemontcg.io/ex10/117_hires.png
2005/10/31,EX,Delta Species,Groudon ★,111,Rare Holo Star,$1010.00,https://images.pokemontcg.io/ex11/111_hires.png
2005/10/31,EX,Delta Species,Kyogre ★,112,Rare Holo Star,$1602.99,https://images.pokemontcg.io/ex11/112_hires.png
2005/10/31,EX,Delta Species,Metagross ★,113,Rare Holo Star,$951.99,https://images.pokemontcg.io/ex11/113_hires.png
2005/10/31,EX,Delta Species,Azumarill,114,Rare Secret,$69.50,https://images.pokemontcg.io/ex11/114_hires.png
2006/02/01,EX,Legend Maker,Regice ★,90,Rare Holo Star,$1250.00,https://images.pokemontcg.io/ex12/90_hires.png
2006/02/01,EX,Legend Maker,Regirock ★,91,Rare Holo Star,$747.00,https://images.pokemontcg.io/ex12/91_hires.png
2006/02/01,EX,Legend Maker,Registeel ★,92,Rare Holo Star,$500.00,https://images.pokemontcg.io/ex12/92_hires.png
2006/02/01,EX,Legend Maker,Pikachu δ,93,Rare Secret,$204.27,https://images.pokemontcg.io/ex12/93_hires.png
2006/05/01,EX,Holon Phantoms,Gyarados ★ δ,102,Rare Holo Star,$1200.00,https://images.pokemontcg.io/ex13/102_hires.png
2006/05/01,EX,Holon Phantoms,Mewtwo ★,103,Rare Holo Star,$4875.00,https://images.pokemontcg.io/ex13/103_hires.png
2006/05/01,EX,Holon Phantoms,Pikachu ★,104,Rare Holo Star,$3200.00,https://images.pokemontcg.io/ex13/104_hires.png
2006/05/01,EX,Holon Phantoms,Mew,111,Rare Secret,$171.09,https://images.pokemontcg.io/ex13/111_hires.png
2006/08/01,EX,Crystal Guardians,Celebi ★,100,Rare Holo Star,$950.00,https://images.pokemontcg.io/ex14/100_hires.png
2006/08/01,EX,Crystal Guardians,Alakazam ★,99,Rare Holo Star,$900.00,https://images.pokemontcg.io/ex14/99_hires.png
2006/11/01,EX,Dragon Frontiers,Charizard ★ δ,100,Rare Holo Star,$4000.00,https://images.pokemontcg.io/ex15/100_hires.png
2006/11/01,EX,Dragon Frontiers,Mew ★ δ,101,Rare Holo Star,$2200.00,https://images.pokemontcg.io/ex15/101_hires.png
2007/02/02,EX,Power Keepers,Flareon ★,100,Rare Holo Star,$1999.95,https://images.pokemontcg.io/ex16/100_hires.png
2007/02/02,EX,Power Keepers,Jolteon ★,101,Rare Holo Star,$1549.97,https://images.pokemontcg.io/ex16/101_hires.png
2007/02/02,EX,Power Keepers,Vaporeon ★,102,Rare Holo Star,$900.99,https://images.pokemontcg.io/ex16/102_hires.png
2007/08/01,Diamond & Pearl,Mysterious Treasures,Time-Space Distortion,124,Rare Secret,$66.83,https://images.pokemontcg.io/dp2/124_hires.png
2008/11/01,Diamond & Pearl,Stormfront,Charmander,101,Rare Secret,$164.22,https://images.pokemontcg.io/dp7/101_hires.png
2008/11/01,Diamond & Pearl,Stormfront,Charmeleon,102,Rare Secret,$120.36,https://images.pokemontcg.io/dp7/102_hires.png
2008/11/01,Diamond & Pearl,Stormfront,Charizard,103,Rare Secret,$668.75,https://images.pokemontcg.io/dp7/103_hires.png
2009/02/11,Platinum,Platinum,Electabuzz,128,Rare Secret,$21.50,https://images.pokemontcg.io/pl1/128_hires.png
2009/02/11,Platinum,Platinum,Hitmonchan,129,Rare Secret,$27.35,https://images.pokemontcg.io/pl1/129_hires.png
2009/02/11,Platinum,Platinum,Scyther,130,Rare Secret,$31.04,https://images.pokemontcg.io/pl1/130_hires.png
2009/05/16,Platinum,Rising Rivals,Pikachu,112,Rare Secret,$323.07,https://images.pokemontcg.io/pl2/112_hires.png
2009/05/16,Platinum,Rising Rivals,Flying Pikachu,113,Rare Secret,$127.04,https://images.pokemontcg.io/pl2/113_hires.png
2009/05/16,Platinum,Rising Rivals,Surfing Pikachu,114,Rare Secret,$310.50,https://images.pokemontcg.io/pl2/114_hires.png
2009/08/19,Platinum,Supreme Victors,Articuno,148,Rare Secret,$357.14,https://images.pokemontcg.io/pl3/148_hires.png
2009/08/19,Platinum,Supreme Victors,Moltres,149,Rare Secret,$223.59,https://images.pokemontcg.io/pl3/149_hires.png
2009/08/19,Platinum,Supreme Victors,Zapdos,150,Rare Secret,$211.27,https://images.pokemontcg.io/pl3/150_hires.png
2010/02/10,HeartGold & SoulSilver,HeartGold & SoulSilver,Ampharos,105,Rare Prime,$61.13,https://images.pokemontcg.io/hgss1/105_hires.png
2010/02/10,HeartGold & SoulSilver,HeartGold & SoulSilver,Blissey,106,Rare Prime,$48.46,https://images.pokemontcg.io/hgss1/106_hires.png
2010/02/10,HeartGold & SoulSilver,HeartGold & SoulSilver,Donphan,107,Rare Prime,$30.66,https://images.pokemontcg.io/hgss1/107_hires.png
2010/02/10,HeartGold & SoulSilver,HeartGold & SoulSilver,Feraligatr,108,Rare Prime,$84.74,https://images.pokemontcg.io/hgss1/108_hires.png
2010/02/10,HeartGold & SoulSilver,HeartGold & SoulSilver,Meganium,109,Rare Prime,$52.75,https://images.pokemontcg.io/hgss1/109_hires.png
2010/02/10,HeartGold & SoulSilver,HeartGold & SoulSilver,Typhlosion,110,Rare Prime,$70.59,https://images.pokemontcg.io/hgss1/110_hires.png
2010/02/10,HeartGold & SoulSilver,HeartGold & SoulSilver,Ho-Oh LEGEND,111,LEGEND,$194.70,https://images.pokemontcg.io/hgss1/111_hires.png
2010/02/10,HeartGold & SoulSilver,HeartGold & SoulSilver,Ho-Oh LEGEND,112,LEGEND,$105.30,https://images.pokemontcg.io/hgss1/112_hires.png
2010/02/10,HeartGold & SoulSilver,HeartGold & SoulSilver,Lugia LEGEND,113,LEGEND,$348.99,https://images.pokemontcg.io/hgss1/113_hires.png
2010/02/10,HeartGold & SoulSilver,HeartGold & SoulSilver,Lugia LEGEND,114,LEGEND,$297.39,https://images.pokemontcg.io/hgss1/114_hires.png
2010/02/10,HeartGold & SoulSilver,HeartGold & SoulSilver,Alph Lithograph,ONE,Rare Secret,$128.38,https://images.pokemontcg.io/hgss1/ONE_hires.png
2010/05/12,HeartGold & SoulSilver,HS—Unleashed,Crobat,84,Rare Prime,$60.92,https://images.pokemontcg.io/hgss2/84_hires.png
2010/05/12,HeartGold & SoulSilver,HS—Unleashed,Kingdra,85,Rare Prime,$62.15,https://images.pokemontcg.io/hgss2/85_hires.png
2010/05/12,HeartGold & SoulSilver,HS—Unleashed,Lanturn,86,Rare Prime,$41.75,https://images.pokemontcg.io/hgss2/86_hires.png
2010/05/12,HeartGold & SoulSilver,HS—Unleashed,Steelix,87,Rare Prime,$112.97,https://images.pokemontcg.io/hgss2/87_hires.png
2010/05/12,HeartGold & SoulSilver,HS—Unleashed,Tyranitar,88,Rare Prime,$214.33,https://images.pokemontcg.io/hgss2/88_hires.png
2010/05/12,HeartGold & SoulSilver,HS—Unleashed,Ursaring,89,Rare Prime,$43.98,https://images.pokemontcg.io/hgss2/89_hires.png
2010/05/12,HeartGold & SoulSilver,HS—Unleashed,Entei & Raikou LEGEND,90,LEGEND,$121.00,https://images.pokemontcg.io/hgss2/90_hires.png
2010/05/12,HeartGold & SoulSilver,HS—Unleashed,Entei & Raikou LEGEND,91,LEGEND,$104.50,https://images.pokemontcg.io/hgss2/91_hires.png
2010/05/12,HeartGold & SoulSilver,HS—Unleashed,Raikou & Suicune LEGEND,92,LEGEND,$164.14,https://images.pokemontcg.io/hgss2/92_hires.png
2010/05/12,HeartGold & SoulSilver,HS—Unleashed,Raikou & Suicune LEGEND,93,LEGEND,$152.95,https://images.pokemontcg.io/hgss2/93_hires.png
2010/05/12,HeartGold & SoulSilver,HS—Unleashed,Suicune & Entei LEGEND,94,LEGEND,$98.55,https://images.pokemontcg.io/hgss2/94_hires.png
2010/05/12,HeartGold & SoulSilver,HS—Unleashed,Suicune & Entei LEGEND,95,LEGEND,$180.00,https://images.pokemontcg.io/hgss2/95_hires.png
2010/05/12,HeartGold & SoulSilver,HS—Unleashed,Alph Lithograph,TWO,Rare Secret,$124.56,https://images.pokemontcg.io/hgss2/TWO_hires.png
2010/08/18,HeartGold & SoulSilver,HS—Undaunted,Espeon,81,Rare Prime,$267.03,https://images.pokemontcg.io/hgss3/81_hires.png
2010/08/18,HeartGold & SoulSilver,HS—Undaunted,Houndoom,82,Rare Prime,$213.74,https://images.pokemontcg.io/hgss3/82_hires.png
2010/08/18,HeartGold & SoulSilver,HS—Undaunted,Raichu,83,Rare Prime,$119.24,https://images.pokemontcg.io/hgss3/83_hires.png
2010/08/18,HeartGold & SoulSilver,HS—Undaunted,Scizor,84,Rare Prime,$81.55,https://images.pokemontcg.io/hgss3/84_hires.png
2010/08/18,HeartGold & SoulSilver,HS—Undaunted,Slowking,85,Rare Prime,$63.93,https://images.pokemontcg.io/hgss3/85_hires.png
2010/08/18,HeartGold & SoulSilver,HS—Undaunted,Umbreon,86,Rare Prime,$484.52,https://images.pokemontcg.io/hgss3/86_hires.png
2010/08/18,HeartGold & SoulSilver,HS—Undaunted,Kyogre & Groudon LEGEND,87,LEGEND,$210.34,https://images.pokemontcg.io/hgss3/87_hires.png
2010/08/18,HeartGold & SoulSilver,HS—Undaunted,Kyogre & Groudon LEGEND,88,LEGEND,$292.00,https://images.pokemontcg.io/hgss3/88_hires.png
2010/08/18,HeartGold & SoulSilver,HS—Undaunted,Rayquaza & Deoxys LEGEND,89,LEGEND,$218.10,https://images.pokemontcg.io/hgss3/89_hires.png
2010/08/18,HeartGold & SoulSilver,HS—Undaunted,Rayquaza & Deoxys LEGEND,90,LEGEND,$264.30,https://images.pokemontcg.io/hgss3/90_hires.png
2010/08/18,HeartGold & SoulSilver,HS—Undaunted,Alph Lithograph,THREE,Rare Secret,$117.33,https://images.pokemontcg.io/hgss3/THREE_hires.png
2010/11/03,HeartGold & SoulSilver,HS—Triumphant,Darkrai & Cresselia LEGEND,100,LEGEND,$129.64,https://images.pokemontcg.io/hgss4/100_hires.png
2010/11/03,HeartGold & SoulSilver,HS—Triumphant,Palkia & Dialga LEGEND,101,LEGEND,$123.79,https://images.pokemontcg.io/hgss4/101_hires.png
2010/11/03,HeartGold & SoulSilver,HS—Triumphant,Palkia & Dialga LEGEND,102,LEGEND,$118.82,https://images.pokemontcg.io/hgss4/102_hires.png
2010/11/03,HeartGold & SoulSilver,HS—Triumphant,Absol,91,Rare Prime,$117.72,https://images.pokemontcg.io/hgss4/91_hires.png
2010/11/03,HeartGold & SoulSilver,HS—Triumphant,Celebi,92,Rare Prime,$86.46,https://images.pokemontcg.io/hgss4/92_hires.png
2010/11/03,HeartGold & SoulSilver,HS—Triumphant,Electrode,93,Rare Prime,$42.47,https://images.pokemontcg.io/hgss4/93_hires.png
2010/11/03,HeartGold & SoulSilver,HS—Triumphant,Gengar,94,Rare Prime,$493.44,https://images.pokemontcg.io/hgss4/94_hires.png
2010/11/03,HeartGold & SoulSilver,HS—Triumphant,Machamp,95,Rare Prime,$48.36,https://images.pokemontcg.io/hgss4/95_hires.png
2010/11/03,HeartGold & SoulSilver,HS—Triumphant,Magnezone,96,Rare Prime,$37.15,https://images.pokemontcg.io/hgss4/96_hires.png
2010/11/03,HeartGold & SoulSilver,HS—Triumphant,Mew,97,Rare Prime,$309.04,https://images.pokemontcg.io/hgss4/97_hires.png
2010/11/03,HeartGold & SoulSilver,HS—Triumphant,Yanmega,98,Rare Prime,$26.71,https://images.pokemontcg.io/hgss4/98_hires.png
2010/11/03,HeartGold & SoulSilver,HS—Triumphant,Darkrai & Cresselia LEGEND,99,LEGEND,$189.41,https://images.pokemontcg.io/hgss4/99_hires.png
2010/11/03,HeartGold & SoulSilver,HS—Triumphant,Alph Lithograph,FOUR,Rare Secret,$92.50,https://images.pokemontcg.io/hgss4/FOUR_hires.png
2011/04/25,Black & White,Black & White,Pikachu,115,Rare Secret,$136.25,https://images.pokemontcg.io/bw1/115_hires.png
2011/11/16,Black & White,Noble Victories,Meowth,102,Rare Secret,$92.05,https://images.pokemontcg.io/bw3/102_hires.png
2012/02/08,Black & White,Next Destinies,Emboar,100,Rare Secret,$138.66,https://images.pokemontcg.io/bw4/100_hires.png
2012/02/08,Black & White,Next Destinies,Chandelure,101,Rare Secret,$195.67,https://images.pokemontcg.io/bw4/101_hires.png
2012/02/08,Black & White,Next Destinies,Zoroark,102,Rare Secret,$166.38,https://images.pokemontcg.io/bw4/102_hires.png
2012/02/08,Black & White,Next Destinies,Hydreigon,103,Rare Secret,$164.99,https://images.pokemontcg.io/bw4/103_hires.png
2012/05/09,Black & White,Dark Explorers,Gardevoir,109,Rare Secret,$693.66,https://images.pokemontcg.io/bw5/109_hires.png
2012/05/09,Black & White,Dark Explorers,Archeops,110,Rare Secret,$71.99,https://images.pokemontcg.io/bw5/110_hires.png
2012/05/09,Black & White,Dark Explorers,Pokémon Catcher,111,Rare Secret,$115.00,https://images.pokemontcg.io/bw5/111_hires.png
2012/08/15,Black & White,Dragons Exalted,Serperior,125,Rare Secret,$149.20,https://images.pokemontcg.io/bw6/125_hires.png
2012/08/15,Black & White,Dragons Exalted,Reuniclus,126,Rare Secret,$165.00,https://images.pokemontcg.io/bw6/126_hires.png
2012/08/15,Black & White,Dragons Exalted,Krookodile,127,Rare Secret,$191.76,https://images.pokemontcg.io/bw6/127_hires.png
2012/08/15,Black & White,Dragons Exalted,Rayquaza,128,Rare Secret,$659.95,https://images.pokemontcg.io/bw6/128_hires.png
2012/11/07,Black & White,Boundaries Crossed,Golurk,150,Rare Secret,$174.99,https://images.pokemontcg.io/bw7/150_hires.png
2012/11/07,Black & White,Boundaries Crossed,Terrakion,151,Rare Secret,$148.50,https://images.pokemontcg.io/bw7/151_hires.png
2012/11/07,Black & White,Boundaries Crossed,Altaria,152,Rare Secret,$149.65,https://images.pokemontcg.io/bw7/152_hires.png
2012/11/07,Black & White,Boundaries Crossed,Rocky Helmet,153,Rare Secret,$39.98,https://images.pokemontcg.io/bw7/153_hires.png
2013/02/06,Black & White,Plasma Storm,Charizard,136,Rare Secret,$1150.00,https://images.pokemontcg.io/bw8/136_hires.png
2013/02/06,Black & White,Plasma Storm,Blastoise,137,Rare Secret,$464.98,https://images.pokemontcg.io/bw8/137_hires.png
2013/02/06,Black & White,Plasma Storm,Random Receiver,138,Rare Secret,$42.10,https://images.pokemontcg.io/bw8/138_hires.png
2013/05/08,Black & White,Plasma Freeze,Empoleon,117,Rare Secret,$293.33,https://images.pokemontcg.io/bw9/117_hires.png
2013/05/08,Black & White,Plasma Freeze,Sigilyph,118,Rare Secret,$118.58,https://images.pokemontcg.io/bw9/118_hires.png
2013/05/08,Black & White,Plasma Freeze,Garbodor,119,Rare Secret,$200.51,https://images.pokemontcg.io/bw9/119_hires.png
2013/05/08,Black & White,Plasma Freeze,Garchomp,120,Rare Secret,$499.00,https://images.pokemontcg.io/bw9/120_hires.png
2013/05/08,Black & White,Plasma Freeze,Max Potion,121,Rare Secret,$38.61,https://images.pokemontcg.io/bw9/121_hires.png
2013/05/08,Black & White,Plasma Freeze,Ultra Ball,122,Rare Secret,$698.84,https://images.pokemontcg.io/bw9/122_hires.png
2013/08/14,Black & White,Plasma Blast,Exeggcute,102,Rare Secret,$135.00,https://images.pokemontcg.io/bw10/102_hires.png
2013/08/14,Black & White,Plasma Blast,Virizion,103,Rare Secret,$127.63,https://images.pokemontcg.io/bw10/103_hires.png
2013/08/14,Black & White,Plasma Blast,Dusknoir,104,Rare Secret,$145.22,https://images.pokemontcg.io/bw10/104_hires.png
2013/08/14,Black & White,Plasma Blast,Rare Candy,105,Rare Secret,$183.76,https://images.pokemontcg.io/bw10/105_hires.png
2013/11/06,Black & White,Legendary Treasures,Reshiram,114,Rare Secret,$350.22,https://images.pokemontcg.io/bw11/114_hires.png
2013/11/06,Black & White,Legendary Treasures,Zekrom,115,Rare Secret,$328.39,https://images.pokemontcg.io/bw11/115_hires.png
2014/05/07,XY,Flashfire,M Charizard-EX,107,Rare Secret,$298.10,https://images.pokemontcg.io/xy2/107_hires.png
2014/05/07,XY,Flashfire,M Charizard-EX,108,Rare Secret,$1000.62,https://images.pokemontcg.io/xy2/108_hires.png
2014/05/07,XY,Flashfire,M Kangaskhan-EX,109,Rare Secret,$64.59,https://images.pokemontcg.io/xy2/109_hires.png
2014/08/13,XY,Furious Fists,M Heracross-EX,112,Rare Secret,$54.59,https://images.pokemontcg.io/xy3/112_hires.png
2014/08/13,XY,Furious Fists,M Lucario-EX,113,Rare Secret,$161.55,https://images.pokemontcg.io/xy3/113_hires.png
2014/11/05,XY,Phantom Forces,M Manectric-EX,120,Rare Secret,$52.82,https://images.pokemontcg.io/xy4/120_hires.png
2014/11/05,XY,Phantom Forces,M Gengar-EX,121,Rare Secret,$423.86,https://images.pokemontcg.io/xy4/121_hires.png
2014/11/05,XY,Phantom Forces,Dialga-EX,122,Rare Secret,$986.98,https://images.pokemontcg.io/xy4/122_hires.png
2015/02/04,XY,Primal Clash,Dive Ball,161,Rare Secret,$21.38,https://images.pokemontcg.io/xy5/161_hires.png
2015/02/04,XY,Primal Clash,Enhanced Hammer,162,Rare Secret,$17.95,https://images.pokemontcg.io/xy5/162_hires.png
2015/02/04,XY,Primal Clash,Switch,163,Rare Secret,$23.33,https://images.pokemontcg.io/xy5/163_hires.png
2015/02/04,XY,Primal Clash,Weakness Policy,164,Rare Secret,$6.06,https://images.pokemontcg.io/xy5/164_hires.png
2015/05/06,XY,Roaring Skies,Energy Switch,109,Rare Secret,$24.27,https://images.pokemontcg.io/xy6/109_hires.png
2015/05/06,XY,Roaring Skies,VS Seeker,110,Rare Secret,$17.54,https://images.pokemontcg.io/xy6/110_hires.png
2015/08/12,XY,Ancient Origins,Trainers' Mail,100,Rare Secret,$6.93,https://images.pokemontcg.io/xy7/100_hires.png
2015/08/12,XY,Ancient Origins,Primal Kyogre-EX,96,Rare Secret,$434.95,https://images.pokemontcg.io/xy7/96_hires.png
2015/08/12,XY,Ancient Origins,Primal Groudon-EX,97,Rare Secret,$307.15,https://images.pokemontcg.io/xy7/97_hires.png
2015/08/12,XY,Ancient Origins,M Rayquaza-EX,98,Rare Secret,$972.41,https://images.pokemontcg.io/xy7/98_hires.png
2015/08/12,XY,Ancient Origins,Energy Retrieval,99,Rare Secret,$20.72,https://images.pokemontcg.io/xy7/99_hires.png
2015/11/04,XY,BREAKthrough,Florges BREAK,104,Rare BREAK,$4.86,https://images.pokemontcg.io/xy8/104_hires.png
2015/11/04,XY,BREAKthrough,Noivern BREAK,113,Rare BREAK,$4.94,https://images.pokemontcg.io/xy8/113_hires.png
2015/11/04,XY,BREAKthrough,Chesnaught BREAK,12,Rare BREAK,$3.28,https://images.pokemontcg.io/xy8/12_hires.png
2015/11/04,XY,BREAKthrough,Mewtwo-EX,163,Rare Secret,$184.21,https://images.pokemontcg.io/xy8/163_hires.png
2015/11/04,XY,BREAKthrough,Mewtwo-EX,164,Rare Secret,$177.02,https://images.pokemontcg.io/xy8/164_hires.png
2015/11/04,XY,BREAKthrough,Raichu BREAK,50,Rare BREAK,$12.79,https://images.pokemontcg.io/xy8/50_hires.png
2015/11/04,XY,BREAKthrough,Marowak BREAK,79,Rare BREAK,$6.32,https://images.pokemontcg.io/xy8/79_hires.png
2015/11/04,XY,BREAKthrough,Zoroark BREAK,92,Rare BREAK,$7.86,https://images.pokemontcg.io/xy8/92_hires.png
2016/02/03,XY,BREAKpoint,Gyarados-EX,123,Rare Secret,$192.19,https://images.pokemontcg.io/xy9/123_hires.png
2016/02/03,XY,BREAKpoint,Golduck BREAK,18,Rare BREAK,$6.40,https://images.pokemontcg.io/xy9/18_hires.png
2016/02/03,XY,BREAKpoint,Greninja BREAK,41,Rare BREAK,$30.80,https://images.pokemontcg.io/xy9/41_hires.png
2016/02/03,XY,BREAKpoint,Luxray BREAK,47,Rare BREAK,$6.89,https://images.pokemontcg.io/xy9/47_hires.png
2016/02/03,XY,BREAKpoint,Trevenant BREAK,66,Rare BREAK,$3.99,https://images.pokemontcg.io/xy9/66_hires.png
2016/02/03,XY,BREAKpoint,Raticate BREAK,89,Rare BREAK,$3.71,https://images.pokemontcg.io/xy9/89_hires.png
2016/05/02,XY,Fates Collide,Alakazam-EX,125,Rare Secret,$151.57,https://images.pokemontcg.io/xy10/125_hires.png
2016/05/02,XY,Fates Collide,Delphox BREAK,14,Rare BREAK,$3.80,https://images.pokemontcg.io/xy10/14_hires.png
2016/05/02,XY,Fates Collide,Omastar BREAK,19,Rare BREAK,$3.69,https://images.pokemontcg.io/xy10/19_hires.png
2016/05/02,XY,Fates Collide,Carbink BREAK,51,Rare BREAK,$3.52,https://images.pokemontcg.io/xy10/51_hires.png
2016/05/02,XY,Fates Collide,Bronzong BREAK,62,Rare BREAK,$3.60,https://images.pokemontcg.io/xy10/62_hires.png
2016/05/02,XY,Fates Collide,Lugia BREAK,79,Rare BREAK,$27.77,https://images.pokemontcg.io/xy10/79_hires.png
2016/08/03,XY,Steam Siege,Volcanion-EX,115,Rare Secret,$39.89,https://images.pokemontcg.io/xy11/115_hires.png
2016/08/03,XY,Steam Siege,Gardevoir-EX,116,Rare Secret,$99.75,https://images.pokemontcg.io/xy11/116_hires.png
2016/08/03,XY,Steam Siege,Talonflame BREAK,21,Rare BREAK,$5.05,https://images.pokemontcg.io/xy11/21_hires.png
2016/08/03,XY,Steam Siege,Pyroar BREAK,24,Rare BREAK,$3.68,https://images.pokemontcg.io/xy11/24_hires.png
2016/08/03,XY,Steam Siege,Clawitzer BREAK,35,Rare BREAK,$3.95,https://images.pokemontcg.io/xy11/35_hires.png
2016/08/03,XY,Steam Siege,Yveltal BREAK,66,Rare BREAK,$8.69,https://images.pokemontcg.io/xy11/66_hires.png
2016/08/03,XY,Steam Siege,Yanmega BREAK,8,Rare BREAK,$2.72,https://images.pokemontcg.io/xy11/8_hires.png
2016/08/03,XY,Steam Siege,Xerneas BREAK,82,Rare BREAK,$8.62,https://images.pokemontcg.io/xy11/82_hires.png
2016/08/03,XY,Steam Siege,Hydreigon BREAK,87,Rare BREAK,$6.39,https://images.pokemontcg.io/xy11/87_hires.png
2016/11/02,XY,Evolutions,ナッシー[Exeggutor],109,Rare Secret,$5.04,https://images.pokemontcg.io/xy12/109_hires.png
2016/11/02,XY,Evolutions,Flying Pikachu,110,Rare Secret,$8.19,https://images.pokemontcg.io/xy12/110_hires.png
2016/11/02,XY,Evolutions,Surfing Pikachu,111,Rare Secret,$11.03,https://images.pokemontcg.io/xy12/111_hires.png
2016/11/02,XY,Evolutions,Imakuni?'s Doduo,112,Rare Secret,$4.37,https://images.pokemontcg.io/xy12/112_hires.png
2016/11/02,XY,Evolutions,Here Comes Team Rocket!,113,Rare Secret,$0.95,https://images.pokemontcg.io/xy12/113_hires.png
2016/11/02,XY,Evolutions,Ninetales BREAK,16,Rare BREAK,$4.06,https://images.pokemontcg.io/xy12/16_hires.png
2016/11/02,XY,Evolutions,Starmie BREAK,32,Rare BREAK,$2.34,https://images.pokemontcg.io/xy12/32_hires.png
2016/11/02,XY,Evolutions,Nidoking BREAK,46,Rare BREAK,$3.84,https://images.pokemontcg.io/xy12/46_hires.png
2016/11/02,XY,Evolutions,Machamp BREAK,60,Rare BREAK,$3.31,https://images.pokemontcg.io/xy12/60_hires.png
2017/02/03,Sun & Moon,Sun & Moon,Nest Ball,158,Rare Secret,$9.98,https://images.pokemontcg.io/sm1/158_hires.png
2017/02/03,Sun & Moon,Sun & Moon,Rotom Dex,159,Rare Secret,$6.63,https://images.pokemontcg.io/sm1/159_hires.png
2017/02/03,Sun & Moon,Sun & Moon,Switch,160,Rare Secret,$11.24,https://images.pokemontcg.io/sm1/160_hires.png
2017/02/03,Sun & Moon,Sun & Moon,Ultra Ball,161,Rare Secret,$32.69,https://images.pokemontcg.io/sm1/161_hires.png
2017/02/03,Sun & Moon,Sun & Moon,Psychic Energy,162,Rare Secret,$14.04,https://images.pokemontcg.io/sm1/162_hires.png
2017/02/03,Sun & Moon,Sun & Moon,Metal Energy,163,Rare Secret,$11.57,https://images.pokemontcg.io/sm1/163_hires.png
2017/05/05,Sun & Moon,Guardians Rising,Aqua Patch,161,Rare Secret,$7.55,https://images.pokemontcg.io/sm2/161_hires.png
2017/05/05,Sun & Moon,Guardians Rising,Enhanced Hammer,162,Rare Secret,$8.15,https://images.pokemontcg.io/sm2/162_hires.png
2017/05/05,Sun & Moon,Guardians Rising,Field Blower,163,Rare Secret,$18.25,https://images.pokemontcg.io/sm2/163_hires.png
2017/05/05,Sun & Moon,Guardians Rising,Max Potion,164,Rare Secret,$6.74,https://images.pokemontcg.io/sm2/164_hires.png
2017/05/05,Sun & Moon,Guardians Rising,Rare Candy,165,Rare Secret,$26.77,https://images.pokemontcg.io/sm2/165_hires.png
2017/05/05,Sun & Moon,Guardians Rising,Double Colorless Energy,166,Rare Secret,$17.03,https://images.pokemontcg.io/sm2/166_hires.png
2017/05/05,Sun & Moon,Guardians Rising,Grass Energy,167,Rare Secret,$21.54,https://images.pokemontcg.io/sm2/167_hires.png
2017/05/05,Sun & Moon,Guardians Rising,Lightning Energy,168,Rare Secret,$20.04,https://images.pokemontcg.io/sm2/168_hires.png
2017/05/05,Sun & Moon,Guardians Rising,Fighting Energy,169,Rare Secret,$25.24,https://images.pokemontcg.io/sm2/169_hires.png
2017/08/05,Sun & Moon,Burning Shadows,Bodybuilding Dumbbells,161,Rare Secret,$7.25,https://images.pokemontcg.io/sm3/161_hires.png
2017/08/05,Sun & Moon,Burning Shadows,Choice Band,162,Rare Secret,$4.60,https://images.pokemontcg.io/sm3/162_hires.png
2017/08/05,Sun & Moon,Burning Shadows,Escape Rope,163,Rare Secret,$16.35,https://images.pokemontcg.io/sm3/163_hires.png
2017/08/05,Sun & Moon,Burning Shadows,Multi Switch,164,Rare Secret,$3.38,https://images.pokemontcg.io/sm3/164_hires.png
2017/08/05,Sun & Moon,Burning Shadows,Rescue Stretcher,165,Rare Secret,$13.10,https://images.pokemontcg.io/sm3/165_hires.png
2017/08/05,Sun & Moon,Burning Shadows,Super Scoop Up,166,Rare Secret,$4.11,https://images.pokemontcg.io/sm3/166_hires.png
2017/08/05,Sun & Moon,Burning Shadows,Fire Energy,167,Rare Secret,$29.08,https://images.pokemontcg.io/sm3/167_hires.png
2017/08/05,Sun & Moon,Burning Shadows,Darkness Energy,168,Rare Secret,$52.50,https://images.pokemontcg.io/sm3/168_hires.png
2017/08/05,Sun & Moon,Burning Shadows,Fairy Energy,169,Rare Secret,$85.52,https://images.pokemontcg.io/sm3/169_hires.png
2017/10/06,Sun & Moon,Shining Legends,Shining Volcanion,27,Rare Shining,$7.11,https://images.pokemontcg.io/sm35/27_hires.png
2017/10/06,Sun & Moon,Shining Legends,Shining Mew,40,Rare Shining,$148.87,https://images.pokemontcg.io/sm35/40_hires.png
2017/10/06,Sun & Moon,Shining Legends,Shining Jirachi,42,Rare Shining,$29.28,https://images.pokemontcg.io/sm35/42_hires.png
2017/10/06,Sun & Moon,Shining Legends,Shining Rayquaza,56,Rare Shining,$130.43,https://images.pokemontcg.io/sm35/56_hires.png
2017/10/06,Sun & Moon,Shining Legends,Shining Arceus,57,Rare Shining,$33.24,https://images.pokemontcg.io/sm35/57_hires.png
2017/10/06,Sun & Moon,Shining Legends,Mewtwo-GX,78,Rare Secret,$739.96,https://images.pokemontcg.io/sm35/78_hires.png
2017/10/06,Sun & Moon,Shining Legends,Shining Genesect,9,Rare Shining,$13.39,https://images.pokemontcg.io/sm35/9_hires.png
2017/11/03,Sun & Moon,Crimson Invasion,Counter Catcher,120,Rare Secret,$8.68,https://images.pokemontcg.io/sm4/120_hires.png
2017/11/03,Sun & Moon,Crimson Invasion,Wishful Baton,121,Rare Secret,$4.03,https://images.pokemontcg.io/sm4/121_hires.png
2017/11/03,Sun & Moon,Crimson Invasion,Counter Energy,122,Rare Secret,$6.84,https://images.pokemontcg.io/sm4/122_hires.png
2017/11/03,Sun & Moon,Crimson Invasion,Warp Energy,123,Rare Secret,$4.69,https://images.pokemontcg.io/sm4/123_hires.png
2017/11/03,Sun & Moon,Crimson Invasion,Water Energy,124,Rare Secret,$17.59,https://images.pokemontcg.io/sm4/124_hires.png
2018/02/02,Sun & Moon,Ultra Prism,Crushing Hammer,166,Rare Secret,$52.13,https://images.pokemontcg.io/sm5/166_hires.png
2018/02/02,Sun & Moon,Ultra Prism,Escape Board,167,Rare Secret,$7.22,https://images.pokemontcg.io/sm5/167_hires.png
2018/02/02,Sun & Moon,Ultra Prism,Missing Clover,168,Rare Secret,$9.86,https://images.pokemontcg.io/sm5/168_hires.png
2018/02/02,Sun & Moon,Ultra Prism,Peeking Red Card,169,Rare Secret,$5.43,https://images.pokemontcg.io/sm5/169_hires.png
2018/02/02,Sun & Moon,Ultra Prism,Unit Energy GrassFireWater,170,Rare Secret,$19.49,https://images.pokemontcg.io/sm5/170_hires.png
2018/02/02,Sun & Moon,Ultra Prism,Unit Energy LightningPsychicMetal,171,Rare Secret,$14.56,https://images.pokemontcg.io/sm5/171_hires.png
2018/02/02,Sun & Moon,Ultra Prism,Lunala-GX,172,Rare Secret,$60.92,https://images.pokemontcg.io/sm5/172_hires.png
2018/02/02,Sun & Moon,Ultra Prism,Solgaleo-GX,173,Rare Secret,$53.50,https://images.pokemontcg.io/sm5/173_hires.png
2018/05/04,Sun & Moon,Forbidden Light,Beast Ring,141,Rare Secret,$9.26,https://images.pokemontcg.io/sm6/141_hires.png
2018/05/04,Sun & Moon,Forbidden Light,Eneporter,142,Rare Secret,$5.34,https://images.pokemontcg.io/sm6/142_hires.png
2018/05/04,Sun & Moon,Forbidden Light,Energy Recycler,143,Rare Secret,$35.23,https://images.pokemontcg.io/sm6/143_hires.png
2018/05/04,Sun & Moon,Forbidden Light,Metal Frying Pan,144,Rare Secret,$10.81,https://images.pokemontcg.io/sm6/144_hires.png
2018/05/04,Sun & Moon,Forbidden Light,Mysterious Treasure,145,Rare Secret,$19.64,https://images.pokemontcg.io/sm6/145_hires.png
2018/05/04,Sun & Moon,Forbidden Light,Unit Energy FightingDarknessFairy,146,Rare Secret,$22.39,https://images.pokemontcg.io/sm6/146_hires.png
2018/08/03,Sun & Moon,Celestial Storm,Acro Bike,178,Rare Secret,$15.95,https://images.pokemontcg.io/sm7/178_hires.png
2018/08/03,Sun & Moon,Celestial Storm,Hustle Belt,179,Rare Secret,$6.88,https://images.pokemontcg.io/sm7/179_hires.png
2018/08/03,Sun & Moon,Celestial Storm,Life Herb,180,Rare Secret,$7.47,https://images.pokemontcg.io/sm7/180_hires.png
2018/08/03,Sun & Moon,Celestial Storm,PokéNav,181,Rare Secret,$7.08,https://images.pokemontcg.io/sm7/181_hires.png
2018/08/03,Sun & Moon,Celestial Storm,Rainbow Brush,182,Rare Secret,$10.71,https://images.pokemontcg.io/sm7/182_hires.png
2018/08/03,Sun & Moon,Celestial Storm,Rainbow Energy,183,Rare Secret,$41.81,https://images.pokemontcg.io/sm7/183_hires.png
2018/09/07,Sun & Moon,Dragon Majesty,Dragon Talon,75,Rare Secret,$7.48,https://images.pokemontcg.io/sm75/75_hires.png
2018/09/07,Sun & Moon,Dragon Majesty,Fiery Flint,76,Rare Secret,$9.93,https://images.pokemontcg.io/sm75/76_hires.png
2018/09/07,Sun & Moon,Dragon Majesty,Switch Raft,77,Rare Secret,$10.61,https://images.pokemontcg.io/sm75/77_hires.png
2018/09/07,Sun & Moon,Dragon Majesty,Ultra Necrozma-GX,78,Rare Secret,$110.27,https://images.pokemontcg.io/sm75/78_hires.png
2018/11/02,Sun & Moon,Lost Thunder,Adventure Bag,228,Rare Secret,$9.51,https://images.pokemontcg.io/sm8/228_hires.png
2018/11/02,Sun & Moon,Lost Thunder,Choice Helmet,229,Rare Secret,$4.69,https://images.pokemontcg.io/sm8/229_hires.png
2018/11/02,Sun & Moon,Lost Thunder,Counter Gain,230,Rare Secret,$8.87,https://images.pokemontcg.io/sm8/230_hires.png
2018/11/02,Sun & Moon,Lost Thunder,Custom Catcher,231,Rare Secret,$5.55,https://images.pokemontcg.io/sm8/231_hires.png
2018/11/02,Sun & Moon,Lost Thunder,Electropower,232,Rare Secret,$8.72,https://images.pokemontcg.io/sm8/232_hires.png
2018/11/02,Sun & Moon,Lost Thunder,Lost Blender,233,Rare Secret,$10.29,https://images.pokemontcg.io/sm8/233_hires.png
2018/11/02,Sun & Moon,Lost Thunder,Net Ball,234,Rare Secret,$27.17,https://images.pokemontcg.io/sm8/234_hires.png
2018/11/02,Sun & Moon,Lost Thunder,Spell Tag,235,Rare Secret,$5.85,https://images.pokemontcg.io/sm8/235_hires.png
2018/11/02,Sun & Moon,Lost Thunder,Wait and See Hammer,236,Rare Secret,$5.78,https://images.pokemontcg.io/sm8/236_hires.png
2019/02/01,Sun & Moon,Team Up,Dangerous Drill,192,Rare Secret,$5.01,https://images.pokemontcg.io/sm9/192_hires.png
2019/02/01,Sun & Moon,Team Up,Electrocharger,193,Rare Secret,$5.03,https://images.pokemontcg.io/sm9/193_hires.png
2019/02/01,Sun & Moon,Team Up,Judge Whistle,194,Rare Secret,$6.75,https://images.pokemontcg.io/sm9/194_hires.png
2019/02/01,Sun & Moon,Team Up,Metal Goggles,195,Rare Secret,$4.31,https://images.pokemontcg.io/sm9/195_hires.png
2019/02/01,Sun & Moon,Team Up,Pokémon Communication,196,Rare Secret,$11.42,https://images.pokemontcg.io/sm9/196_hires.png
2019/05/03,Sun & Moon,Unbroken Bonds,Beast Bringer,229,Rare Secret,$2.90,https://images.pokemontcg.io/sm10/229_hires.png
2019/05/03,Sun & Moon,Unbroken Bonds,Electromagnetic Radar,230,Rare Secret,$3.16,https://images.pokemontcg.io/sm10/230_hires.png
2019/05/03,Sun & Moon,Unbroken Bonds,Fire Crystal,231,Rare Secret,$8.53,https://images.pokemontcg.io/sm10/231_hires.png
2019/05/03,Sun & Moon,Unbroken Bonds,Metal Core Barrier,232,Rare Secret,$3.31,https://images.pokemontcg.io/sm10/232_hires.png
2019/05/03,Sun & Moon,Unbroken Bonds,Pokégear 3.0,233,Rare Secret,$47.12,https://images.pokemontcg.io/sm10/233_hires.png
2019/05/03,Sun & Moon,Unbroken Bonds,Triple Acceleration Energy,234,Rare Secret,$6.59,https://images.pokemontcg.io/sm10/234_hires.png
2019/08/02,Sun & Moon,Unified Minds,Cherish Ball,250,Rare Secret,$14.17,https://images.pokemontcg.io/sm11/250_hires.png
2019/08/02,Sun & Moon,Unified Minds,Giant Bomb,251,Rare Secret,$5.19,https://images.pokemontcg.io/sm11/251_hires.png
2019/08/02,Sun & Moon,Unified Minds,Karate Belt,252,Rare Secret,$5.22,https://images.pokemontcg.io/sm11/252_hires.png
2019/08/02,Sun & Moon,Unified Minds,Reset Stamp,253,Rare Secret,$9.24,https://images.pokemontcg.io/sm11/253_hires.png
2019/08/02,Sun & Moon,Unified Minds,Tag Switch,254,Rare Secret,$4.45,https://images.pokemontcg.io/sm11/254_hires.png
2019/08/02,Sun & Moon,Unified Minds,U-Turn Board,255,Rare Secret,$16.24,https://images.pokemontcg.io/sm11/255_hires.png
2019/08/02,Sun & Moon,Unified Minds,Viridian Forest,256,Rare Secret,$46.61,https://images.pokemontcg.io/sm11/256_hires.png
2019/08/02,Sun & Moon,Unified Minds,Recycle Energy,257,Rare Secret,$11.67,https://images.pokemontcg.io/sm11/257_hires.png
2019/08/02,Sun & Moon,Unified Minds,Weakness Guard Energy,258,Rare Secret,$8.04,https://images.pokemontcg.io/sm11/258_hires.png
2019/08/23,Sun & Moon,Hidden Fates Shiny Vault,Leafeon-GX,SV46,Rare Shiny GX,$71.56,https://images.pokemontcg.io/sma/SV46_hires.png
2019/08/23,Sun & Moon,Hidden Fates Shiny Vault,Decidueye-GX,SV47,Rare Shiny GX,$21.35,https://images.pokemontcg.io/sma/SV47_hires.png
2019/08/23,Sun & Moon,Hidden Fates Shiny Vault,Golisopod-GX,SV48,Rare Shiny GX,$10.33,https://images.pokemontcg.io/sma/SV48_hires.png
2019/08/23,Sun & Moon,Hidden Fates Shiny Vault,Charizard-GX,SV49,Rare Shiny GX,$732.71,https://images.pokemontcg.io/sma/SV49_hires.png
2019/08/23,Sun & Moon,Hidden Fates Shiny Vault,Ho-Oh-GX,SV50,Rare Shiny GX,$40.48,https://images.pokemontcg.io/sma/SV50_hires.png
2019/08/23,Sun & Moon,Hidden Fates Shiny Vault,Reshiram-GX,SV51,Rare Shiny GX,$64.83,https://images.pokemontcg.io/sma/SV51_hires.png
2019/08/23,Sun & Moon,Hidden Fates Shiny Vault,Turtonator-GX,SV52,Rare Shiny GX,$7.79,https://images.pokemontcg.io/sma/SV52_hires.png
2019/08/23,Sun & Moon,Hidden Fates Shiny Vault,Alolan Ninetales-GX,SV53,Rare Shiny GX,$52.92,https://images.pokemontcg.io/sma/SV53_hires.png
2019/08/23,Sun & Moon,Hidden Fates Shiny Vault,Articuno-GX,SV54,Rare Shiny GX,$52.78,https://images.pokemontcg.io/sma/SV54_hires.png
2019/08/23,Sun & Moon,Hidden Fates Shiny Vault,Glaceon-GX,SV55,Rare Shiny GX,$58.14,https://images.pokemontcg.io/sma/SV55_hires.png
2019/08/23,Sun & Moon,Hidden Fates Shiny Vault,Greninja-GX,SV56,Rare Shiny GX,$119.05,https://images.pokemontcg.io/sma/SV56_hires.png
2019/08/23,Sun & Moon,Hidden Fates Shiny Vault,Electrode-GX,SV57,Rare Shiny GX,$15.15,https://images.pokemontcg.io/sma/SV57_hires.png
2019/08/23,Sun & Moon,Hidden Fates Shiny Vault,Xurkitree-GX,SV58,Rare Shiny GX,$17.58,https://images.pokemontcg.io/sma/SV58_hires.png
2019/08/23,Sun & Moon,Hidden Fates Shiny Vault,Mewtwo-GX,SV59,Rare Shiny GX,$141.40,https://images.pokemontcg.io/sma/SV59_hires.png
2019/08/23,Sun & Moon,Hidden Fates Shiny Vault,Espeon-GX,SV60,Rare Shiny GX,$124.91,https://images.pokemontcg.io/sma/SV60_hires.png
2019/08/23,Sun & Moon,Hidden Fates Shiny Vault,Banette-GX,SV61,Rare Shiny GX,$11.34,https://images.pokemontcg.io/sma/SV61_hires.png
2019/08/23,Sun & Moon,Hidden Fates Shiny Vault,Nihilego-GX,SV62,Rare Shiny GX,$18.69,https://images.pokemontcg.io/sma/SV62_hires.png
2019/08/23,Sun & Moon,Hidden Fates Shiny Vault,Naganadel-GX,SV63,Rare Shiny GX,$13.18,https://images.pokemontcg.io/sma/SV63_hires.png
2019/08/23,Sun & Moon,Hidden Fates Shiny Vault,Lucario-GX,SV64,Rare Shiny GX,$83.91,https://images.pokemontcg.io/sma/SV64_hires.png
2019/08/23,Sun & Moon,Hidden Fates Shiny Vault,Zygarde-GX,SV65,Rare Shiny GX,$38.21,https://images.pokemontcg.io/sma/SV65_hires.png
2019/08/23,Sun & Moon,Hidden Fates Shiny Vault,Lycanroc-GX,SV66,Rare Shiny GX,$15.10,https://images.pokemontcg.io/sma/SV66_hires.png
2019/08/23,Sun & Moon,Hidden Fates Shiny Vault,Lycanroc-GX,SV67,Rare Shiny GX,$20.54,https://images.pokemontcg.io/sma/SV67_hires.png
2019/08/23,Sun & Moon,Hidden Fates Shiny Vault,Buzzwole-GX,SV68,Rare Shiny GX,$14.88,https://images.pokemontcg.io/sma/SV68_hires.png
2019/08/23,Sun & Moon,Hidden Fates Shiny Vault,Umbreon-GX,SV69,Rare Shiny GX,$305.24,https://images.pokemontcg.io/sma/SV69_hires.png
2019/08/23,Sun & Moon,Hidden Fates Shiny Vault,Darkrai-GX,SV70,Rare Shiny GX,$99.69,https://images.pokemontcg.io/sma/SV70_hires.png
2019/08/23,Sun & Moon,Hidden Fates Shiny Vault,Guzzlord-GX,SV71,Rare Shiny GX,$17.40,https://images.pokemontcg.io/sma/SV71_hires.png
2019/08/23,Sun & Moon,Hidden Fates Shiny Vault,Scizor-GX,SV72,Rare Shiny GX,$79.74,https://images.pokemontcg.io/sma/SV72_hires.png
2019/08/23,Sun & Moon,Hidden Fates Shiny Vault,Kartana-GX,SV73,Rare Shiny GX,$9.59,https://images.pokemontcg.io/sma/SV73_hires.png
2019/08/23,Sun & Moon,Hidden Fates Shiny Vault,Stakataka-GX,SV74,Rare Shiny GX,$14.08,https://images.pokemontcg.io/sma/SV74_hires.png
2019/08/23,Sun & Moon,Hidden Fates Shiny Vault,Gardevoir-GX,SV75,Rare Shiny GX,$82.75,https://images.pokemontcg.io/sma/SV75_hires.png
2019/08/23,Sun & Moon,Hidden Fates Shiny Vault,Sylveon-GX,SV76,Rare Shiny GX,$200.56,https://images.pokemontcg.io/sma/SV76_hires.png
2019/08/23,Sun & Moon,Hidden Fates Shiny Vault,Altaria-GX,SV77,Rare Shiny GX,$24.93,https://images.pokemontcg.io/sma/SV77_hires.png
2019/08/23,Sun & Moon,Hidden Fates Shiny Vault,Noivern-GX,SV78,Rare Shiny GX,$19.80,https://images.pokemontcg.io/sma/SV78_hires.png
2019/08/23,Sun & Moon,Hidden Fates Shiny Vault,Silvally-GX,SV79,Rare Shiny GX,$13.58,https://images.pokemontcg.io/sma/SV79_hires.png
2019/08/23,Sun & Moon,Hidden Fates Shiny Vault,Drampa-GX,SV80,Rare Shiny GX,$12.01,https://images.pokemontcg.io/sma/SV80_hires.png
2019/08/23,Sun & Moon,Hidden Fates Shiny Vault,Aether Paradise Conservation Area,SV87,Rare Secret,$7.67,https://images.pokemontcg.io/sma/SV87_hires.png
2019/08/23,Sun & Moon,Hidden Fates Shiny Vault,Brooklet Hill,SV88,Rare Secret,$21.09,https://images.pokemontcg.io/sma/SV88_hires.png
2019/08/23,Sun & Moon,Hidden Fates Shiny Vault,Mt. Coronet,SV89,Rare Secret,$10.24,https://images.pokemontcg.io/sma/SV89_hires.png
2019/08/23,Sun & Moon,Hidden Fates Shiny Vault,Shrine of Punishment,SV90,Rare Secret,$5.88,https://images.pokemontcg.io/sma/SV90_hires.png
2019/08/23,Sun & Moon,Hidden Fates Shiny Vault,Tapu Bulu-GX,SV91,Rare Secret,$16.99,https://images.pokemontcg.io/sma/SV91_hires.png
2019/08/23,Sun & Moon,Hidden Fates Shiny Vault,Tapu Fini-GX,SV92,Rare Secret,$21.46,https://images.pokemontcg.io/sma/SV92_hires.png
2019/08/23,Sun & Moon,Hidden Fates Shiny Vault,Tapu Koko-GX,SV93,Rare Secret,$17.39,https://images.pokemontcg.io/sma/SV93_hires.png
2019/08/23,Sun & Moon,Hidden Fates Shiny Vault,Tapu Lele-GX,SV94,Rare Secret,$20.06,https://images.pokemontcg.io/sma/SV94_hires.png
2019/11/01,Sun & Moon,Cosmic Eclipse,Torkoal,237,Rare Secret,$15.26,https://images.pokemontcg.io/sm12/237_hires.png
2019/11/01,Sun & Moon,Cosmic Eclipse,Weavile,238,Rare Secret,$14.87,https://images.pokemontcg.io/sm12/238_hires.png
2019/11/01,Sun & Moon,Cosmic Eclipse,Piplup,239,Rare Secret,$73.01,https://images.pokemontcg.io/sm12/239_hires.png
2019/11/01,Sun & Moon,Cosmic Eclipse,Wishiwashi,240,Rare Secret,$19.63,https://images.pokemontcg.io/sm12/240_hires.png
2019/11/01,Sun & Moon,Cosmic Eclipse,Pikachu,241,Rare Secret,$226.30,https://images.pokemontcg.io/sm12/241_hires.png
2019/11/01,Sun & Moon,Cosmic Eclipse,Magnemite,242,Rare Secret,$22.78,https://images.pokemontcg.io/sm12/242_hires.png
2019/11/01,Sun & Moon,Cosmic Eclipse,Koffing,243,Rare Secret,$38.69,https://images.pokemontcg.io/sm12/243_hires.png
2019/11/01,Sun & Moon,Cosmic Eclipse,Gallade,244,Rare Secret,$15.54,https://images.pokemontcg.io/sm12/244_hires.png
2019/11/01,Sun & Moon,Cosmic Eclipse,Mimikyu,245,Rare Secret,$77.98,https://images.pokemontcg.io/sm12/245_hires.png
2019/11/01,Sun & Moon,Cosmic Eclipse,Excadrill,246,Rare Secret,$5.70,https://images.pokemontcg.io/sm12/246_hires.png
2019/11/01,Sun & Moon,Cosmic Eclipse,Steelix,247,Rare Secret,$19.06,https://images.pokemontcg.io/sm12/247_hires.png
2019/11/01,Sun & Moon,Cosmic Eclipse,Stoutland,248,Rare Secret,$12.56,https://images.pokemontcg.io/sm12/248_hires.png
2019/11/01,Sun & Moon,Cosmic Eclipse,Giant Hearth,263,Rare Secret,$9.87,https://images.pokemontcg.io/sm12/263_hires.png
2019/11/01,Sun & Moon,Cosmic Eclipse,Great Catcher,264,Rare Secret,$4.86,https://images.pokemontcg.io/sm12/264_hires.png
2019/11/01,Sun & Moon,Cosmic Eclipse,Island Challenge Amulet,265,Rare Secret,$5.21,https://images.pokemontcg.io/sm12/265_hires.png
2019/11/01,Sun & Moon,Cosmic Eclipse,Lana's Fishing Rod,266,Rare Secret,$11.16,https://images.pokemontcg.io/sm12/266_hires.png
2019/11/01,Sun & Moon,Cosmic Eclipse,Lillie's Poké Doll,267,Rare Secret,$39.22,https://images.pokemontcg.io/sm12/267_hires.png
2019/11/01,Sun & Moon,Cosmic Eclipse,Martial Arts Dojo,268,Rare Secret,$12.39,https://images.pokemontcg.io/sm12/268_hires.png
2019/11/01,Sun & Moon,Cosmic Eclipse,Power Plant,269,Rare Secret,$11.44,https://images.pokemontcg.io/sm12/269_hires.png
2019/11/01,Sun & Moon,Cosmic Eclipse,Tag Call,270,Rare Secret,$10.62,https://images.pokemontcg.io/sm12/270_hires.png
2019/11/01,Sun & Moon,Cosmic Eclipse,Draw Energy,271,Rare Secret,$8.56,https://images.pokemontcg.io/sm12/271_hires.png
2020/02/07,Sword & Shield,Sword & Shield,Zacian V,211,Rare Secret,$20.89,https://images.pokemontcg.io/swsh1/211_hires.png
2020/02/07,Sword & Shield,Sword & Shield,Zamazenta V,212,Rare Secret,$14.39,https://images.pokemontcg.io/swsh1/212_hires.png
2020/02/07,Sword & Shield,Sword & Shield,Air Balloon,213,Rare Secret,$13.00,https://images.pokemontcg.io/swsh1/213_hires.png
2020/02/07,Sword & Shield,Sword & Shield,Metal Saucer,214,Rare Secret,$3.10,https://images.pokemontcg.io/swsh1/214_hires.png
2020/02/07,Sword & Shield,Sword & Shield,Ordinary Rod,215,Rare Secret,$4.89,https://images.pokemontcg.io/swsh1/215_hires.png
2020/02/07,Sword & Shield,Sword & Shield,Quick Ball,216,Rare Secret,$12.52,https://images.pokemontcg.io/swsh1/216_hires.png
2020/05/01,Sword & Shield,Rebel Clash,Frosmoth,204,Rare Secret,$15.29,https://images.pokemontcg.io/swsh2/204_hires.png
2020/05/01,Sword & Shield,Rebel Clash,Galarian Perrserker,205,Rare Secret,$10.39,https://images.pokemontcg.io/swsh2/205_hires.png
2020/05/01,Sword & Shield,Rebel Clash,Big Charm,206,Rare Secret,$2.64,https://images.pokemontcg.io/swsh2/206_hires.png
2020/05/01,Sword & Shield,Rebel Clash,Scoop Up Net,207,Rare Secret,$5.45,https://images.pokemontcg.io/swsh2/207_hires.png
2020/05/01,Sword & Shield,Rebel Clash,Tool Scrapper,208,Rare Secret,$11.27,https://images.pokemontcg.io/swsh2/208_hires.png
2020/05/01,Sword & Shield,Rebel Clash,Twin Energy,209,Rare Secret,$3.96,https://images.pokemontcg.io/swsh2/209_hires.png
2020/08/14,Sword & Shield,Darkness Ablaze,Rillaboom,197,Rare Secret,$7.30,https://images.pokemontcg.io/swsh3/197_hires.png
2020/08/14,Sword & Shield,Darkness Ablaze,Coalossal,198,Rare Secret,$5.34,https://images.pokemontcg.io/swsh3/198_hires.png
2020/08/14,Sword & Shield,Darkness Ablaze,Big Parasol,199,Rare Secret,$2.20,https://images.pokemontcg.io/swsh3/199_hires.png
2020/08/14,Sword & Shield,Darkness Ablaze,Turbo Patch,200,Rare Secret,$2.72,https://images.pokemontcg.io/swsh3/200_hires.png
2020/08/14,Sword & Shield,Darkness Ablaze,Capture Energy,201,Rare Secret,$3.09,https://images.pokemontcg.io/swsh3/201_hires.png
2020/09/25,Sword & Shield,Champion's Path,Charizard V,79,Rare Secret,$263.95,https://images.pokemontcg.io/swsh35/79_hires.png
2020/09/25,Sword & Shield,Champion's Path,Suspicious Food Tin,80,Rare Secret,$1.54,https://images.pokemontcg.io/swsh35/80_hires.png
2020/11/13,Sword & Shield,Vivid Voltage,Galarian Obstagoon,198,Rare Secret,$6.94,https://images.pokemontcg.io/swsh4/198_hires.png
2020/11/13,Sword & Shield,Vivid Voltage,Oranguru,199,Rare Secret,$4.67,https://images.pokemontcg.io/swsh4/199_hires.png
2020/11/13,Sword & Shield,Vivid Voltage,Cape of Toughness,200,Rare Secret,$2.25,https://images.pokemontcg.io/swsh4/200_hires.png
2020/11/13,Sword & Shield,Vivid Voltage,Hero's Medal,201,Rare Secret,$2.31,https://images.pokemontcg.io/swsh4/201_hires.png
2020/11/13,Sword & Shield,Vivid Voltage,Memory Capsule,202,Rare Secret,$2.26,https://images.pokemontcg.io/swsh4/202_hires.png
2020/11/13,Sword & Shield,Vivid Voltage,Telescopic Sight,203,Rare Secret,$1.50,https://images.pokemontcg.io/swsh4/203_hires.png
2021/02/19,Sword & Shield,Shining Fates Shiny Vault,Eternatus V,SV121,Rare Secret,$6.45,https://images.pokemontcg.io/swsh45sv/SV121_hires.png
2021/02/19,Sword & Shield,Shining Fates Shiny Vault,Eternatus VMAX,SV122,Rare Secret,$6.34,https://images.pokemontcg.io/swsh45sv/SV122_hires.png
2021/03/19,Sword & Shield,Battle Styles,Octillery,178,Rare Secret,$6.34,https://images.pokemontcg.io/swsh5/178_hires.png
2021/03/19,Sword & Shield,Battle Styles,Houndoom,179,Rare Secret,$25.86,https://images.pokemontcg.io/swsh5/179_hires.png
2021/03/19,Sword & Shield,Battle Styles,Exp. Share,180,Rare Secret,$3.51,https://images.pokemontcg.io/swsh5/180_hires.png
2021/03/19,Sword & Shield,Battle Styles,Level Ball,181,Rare Secret,$7.41,https://images.pokemontcg.io/swsh5/181_hires.png
2021/03/19,Sword & Shield,Battle Styles,Rapid Strike Energy,182,Rare Secret,$2.72,https://images.pokemontcg.io/swsh5/182_hires.png
2021/03/19,Sword & Shield,Battle Styles,Single Strike Energy,183,Rare Secret,$2.37,https://images.pokemontcg.io/swsh5/183_hires.png
2021/06/18,Sword & Shield,Chilling Reign,Electrode,222,Rare Secret,$16.66,https://images.pokemontcg.io/swsh6/222_hires.png
2021/06/18,Sword & Shield,Chilling Reign,Bronzong,223,Rare Secret,$6.46,https://images.pokemontcg.io/swsh6/223_hires.png
2021/06/18,Sword & Shield,Chilling Reign,Snorlax,224,Rare Secret,$135.76,https://images.pokemontcg.io/swsh6/224_hires.png
2021/06/18,Sword & Shield,Chilling Reign,Echoing Horn,225,Rare Secret,$2.66,https://images.pokemontcg.io/swsh6/225_hires.png
2021/06/18,Sword & Shield,Chilling Reign,Fan of Waves,226,Rare Secret,$2.53,https://images.pokemontcg.io/swsh6/226_hires.png
2021/06/18,Sword & Shield,Chilling Reign,Fog Crystal,227,Rare Secret,$4.80,https://images.pokemontcg.io/swsh6/227_hires.png
2021/06/18,Sword & Shield,Chilling Reign,Rugged Helmet,228,Rare Secret,$2.64,https://images.pokemontcg.io/swsh6/228_hires.png
2021/06/18,Sword & Shield,Chilling Reign,Urn of Vitality,229,Rare Secret,$2.80,https://images.pokemontcg.io/swsh6/229_hires.png
2021/06/18,Sword & Shield,Chilling Reign,Welcoming Lantern,230,Rare Secret,$2.73,https://images.pokemontcg.io/swsh6/230_hires.png
2021/06/18,Sword & Shield,Chilling Reign,Water Energy,231,Rare Secret,$16.12,https://images.pokemontcg.io/swsh6/231_hires.png
2021/06/18,Sword & Shield,Chilling Reign,Psychic Energy,232,Rare Secret,$17.50,https://images.pokemontcg.io/swsh6/232_hires.png
2021/06/18,Sword & Shield,Chilling Reign,Fighting Energy,233,Rare Secret,$14.58,https://images.pokemontcg.io/swsh6/233_hires.png
2021/08/27,Sword & Shield,Evolving Skies,Froslass,226,Rare Secret,$12.17,https://images.pokemontcg.io/swsh7/226_hires.png
2021/08/27,Sword & Shield,Evolving Skies,Inteleon,227,Rare Secret,$11.93,https://images.pokemontcg.io/swsh7/227_hires.png
2021/08/27,Sword & Shield,Evolving Skies,Cresselia,228,Rare Secret,$12.93,https://images.pokemontcg.io/swsh7/228_hires.png
2021/08/27,Sword & Shield,Evolving Skies,Boost Shake,229,Rare Secret,$2.78,https://images.pokemontcg.io/swsh7/229_hires.png
2021/08/27,Sword & Shield,Evolving Skies,Crystal Cave,230,Rare Secret,$4.62,https://images.pokemontcg.io/swsh7/230_hires.png
2021/08/27,Sword & Shield,Evolving Skies,Full Face Guard,231,Rare Secret,$2.66,https://images.pokemontcg.io/swsh7/231_hires.png
2021/08/27,Sword & Shield,Evolving Skies,Stormy Mountains,232,Rare Secret,$4.61,https://images.pokemontcg.io/swsh7/232_hires.png
2021/08/27,Sword & Shield,Evolving Skies,Toy Catcher,233,Rare Secret,$2.76,https://images.pokemontcg.io/swsh7/233_hires.png
2021/08/27,Sword & Shield,Evolving Skies,Turffield Stadium,234,Rare Secret,$3.98,https://images.pokemontcg.io/swsh7/234_hires.png
2021/08/27,Sword & Shield,Evolving Skies,Lightning Energy,235,Rare Secret,$7.74,https://images.pokemontcg.io/swsh7/235_hires.png
2021/08/27,Sword & Shield,Evolving Skies,Darkness Energy,236,Rare Secret,$25.41,https://images.pokemontcg.io/swsh7/236_hires.png
2021/08/27,Sword & Shield,Evolving Skies,Metal Energy,237,Rare Secret,$10.64,https://images.pokemontcg.io/swsh7/237_hires.png
2021/11/12,Sword & Shield,Fusion Strike,Flaaffy,280,Rare Secret,$7.39,https://images.pokemontcg.io/swsh8/280_hires.png
2021/11/12,Sword & Shield,Fusion Strike,Power Tablet,281,Rare Secret,$1.87,https://images.pokemontcg.io/swsh8/281_hires.png
2021/11/12,Sword & Shield,Fusion Strike,Training Court,282,Rare Secret,$2.69,https://images.pokemontcg.io/swsh8/282_hires.png
2021/11/12,Sword & Shield,Fusion Strike,Grass Energy,283,Rare Secret,$10.46,https://images.pokemontcg.io/swsh8/283_hires.png
2021/11/12,Sword & Shield,Fusion Strike,Fire Energy,284,Rare Secret,$5.63,https://images.pokemontcg.io/swsh8/284_hires.png
2022/02/25,Sword & Shield,Brilliant Stars,Galarian Articuno V,181,Rare Secret,$14.62,https://images.pokemontcg.io/swsh9/181_hires.png
2022/02/25,Sword & Shield,Brilliant Stars,Galarian Zapdos V,182,Rare Secret,$15.02,https://images.pokemontcg.io/swsh9/182_hires.png
2022/02/25,Sword & Shield,Brilliant Stars,Galarian Moltres V,183,Rare Secret,$19.63,https://images.pokemontcg.io/swsh9/183_hires.png
2022/02/25,Sword & Shield,Brilliant Stars,Arceus VSTAR,184,Rare Secret,$18.26,https://images.pokemontcg.io/swsh9/184_hires.png
2022/02/25,Sword & Shield,Brilliant Stars,Magma Basin,185,Rare Secret,$2.52,https://images.pokemontcg.io/swsh9/185_hires.png
2022/02/25,Sword & Shield,Brilliant Stars,Ultra Ball,186,Rare Secret,$17.52,https://images.pokemontcg.io/swsh9/186_hires.png
2022/02/25,Sword & Shield,Brilliant Stars Trainer Gallery,Flareon,TG01,Trainer Gallery Rare Holo,$23.55,https://images.pokemontcg.io/swsh9tg/TG01_hires.png
2022/02/25,Sword & Shield,Brilliant Stars Trainer Gallery,Vaporeon,TG02,Trainer Gallery Rare Holo,$22.94,https://images.pokemontcg.io/swsh9tg/TG02_hires.png
2022/02/25,Sword & Shield,Brilliant Stars Trainer Gallery,Octillery,TG03,Trainer Gallery Rare Holo,$3.19,https://images.pokemontcg.io/swsh9tg/TG03_hires.png
2022/02/25,Sword & Shield,Brilliant Stars Trainer Gallery,Jolteon,TG04,Trainer Gallery Rare Holo,$18.85,https://images.pokemontcg.io/swsh9tg/TG04_hires.png
2022/02/25,Sword & Shield,Brilliant Stars Trainer Gallery,Zekrom,TG05,Trainer Gallery Rare Holo,$17.29,https://images.pokemontcg.io/swsh9tg/TG05_hires.png
2022/02/25,Sword & Shield,Brilliant Stars Trainer Gallery,Dusknoir,TG06,Trainer Gallery Rare Holo,$3.03,https://images.pokemontcg.io/swsh9tg/TG06_hires.png
2022/02/25,Sword & Shield,Brilliant Stars Trainer Gallery,Dedenne,TG07,Trainer Gallery Rare Holo,$8.26,https://images.pokemontcg.io/swsh9tg/TG07_hires.png
2022/02/25,Sword & Shield,Brilliant Stars Trainer Gallery,Alcremie,TG08,Trainer Gallery Rare Holo,$3.85,https://images.pokemontcg.io/swsh9tg/TG08_hires.png
2022/02/25,Sword & Shield,Brilliant Stars Trainer Gallery,Ariados,TG09,Trainer Gallery Rare Holo,$2.23,https://images.pokemontcg.io/swsh9tg/TG09_hires.png
2022/02/25,Sword & Shield,Brilliant Stars Trainer Gallery,Houndoom,TG10,Trainer Gallery Rare Holo,$3.83,https://images.pokemontcg.io/swsh9tg/TG10_hires.png
2022/02/25,Sword & Shield,Brilliant Stars Trainer Gallery,Eevee,TG11,Trainer Gallery Rare Holo,$21.27,https://images.pokemontcg.io/swsh9tg/TG11_hires.png
2022/02/25,Sword & Shield,Brilliant Stars Trainer Gallery,Oranguru,TG12,Trainer Gallery Rare Holo,$3.55,https://images.pokemontcg.io/swsh9tg/TG12_hires.png
2022/02/25,Sword & Shield,Brilliant Stars Trainer Gallery,Single Strike Urshifu VMAX,TG29,Rare Secret,$5.06,https://images.pokemontcg.io/swsh9tg/TG29_hires.png
2022/02/25,Sword & Shield,Brilliant Stars Trainer Gallery,Rapid Strike Urshifu VMAX,TG30,Rare Secret,$4.44,https://images.pokemontcg.io/swsh9tg/TG30_hires.png
2022/05/27,Sword & Shield,Astral Radiance,Origin Forme Palkia VSTAR,208,Rare Secret,$10.82,https://images.pokemontcg.io/swsh10/208_hires.png
2022/05/27,Sword & Shield,Astral Radiance,Hisuian Samurott VSTAR,209,Rare Secret,$8.62,https://images.pokemontcg.io/swsh10/209_hires.png
2022/05/27,Sword & Shield,Astral Radiance,Origin Forme Dialga VSTAR,210,Rare Secret,$13.08,https://images.pokemontcg.io/swsh10/210_hires.png
2022/05/27,Sword & Shield,Astral Radiance,Choice Belt,211,Rare Secret,$2.89,https://images.pokemontcg.io/swsh10/211_hires.png
2022/05/27,Sword & Shield,Astral Radiance,Jubilife Village,212,Rare Secret,$4.88,https://images.pokemontcg.io/swsh10/212_hires.png
2022/05/27,Sword & Shield,Astral Radiance,Path to the Peak,213,Rare Secret,$9.79,https://images.pokemontcg.io/swsh10/213_hires.png
2022/05/27,Sword & Shield,Astral Radiance,Temple of Sinnoh,214,Rare Secret,$4.87,https://images.pokemontcg.io/swsh10/214_hires.png
2022/05/27,Sword & Shield,Astral Radiance,Trekking Shoes,215,Rare Secret,$3.04,https://images.pokemontcg.io/swsh10/215_hires.png
2022/05/27,Sword & Shield,Astral Radiance,Double Turbo Energy,216,Rare Secret,$2.83,https://images.pokemontcg.io/swsh10/216_hires.png
2022/05/27,Sword & Shield,Astral Radiance Trainer Gallery,Abomasnow,TG01,Trainer Gallery Rare Holo,$2.54,https://images.pokemontcg.io/swsh10tg/TG01_hires.png
2022/05/27,Sword & Shield,Astral Radiance Trainer Gallery,Flapple,TG02,Trainer Gallery Rare Holo,$3.71,https://images.pokemontcg.io/swsh10tg/TG02_hires.png
2022/05/27,Sword & Shield,Astral Radiance Trainer Gallery,Kingdra,TG03,Trainer Gallery Rare Holo,$15.07,https://images.pokemontcg.io/swsh10tg/TG03_hires.png
2022/05/27,Sword & Shield,Astral Radiance Trainer Gallery,Frosmoth,TG04,Trainer Gallery Rare Holo,$4.35,https://images.pokemontcg.io/swsh10tg/TG04_hires.png
2022/05/27,Sword & Shield,Astral Radiance Trainer Gallery,Gardevoir,TG05,Trainer Gallery Rare Holo,$7.91,https://images.pokemontcg.io/swsh10tg/TG05_hires.png
2022/05/27,Sword & Shield,Astral Radiance Trainer Gallery,Wyrdeer,TG06,Trainer Gallery Rare Holo,$2.51,https://images.pokemontcg.io/swsh10tg/TG06_hires.png
2022/05/27,Sword & Shield,Astral Radiance Trainer Gallery,Falinks,TG07,Trainer Gallery Rare Holo,$5.69,https://images.pokemontcg.io/swsh10tg/TG07_hires.png
2022/05/27,Sword & Shield,Astral Radiance Trainer Gallery,Kleavor,TG08,Trainer Gallery Rare Holo,$2.90,https://images.pokemontcg.io/swsh10tg/TG08_hires.png
2022/05/27,Sword & Shield,Astral Radiance Trainer Gallery,Mightyena,TG09,Trainer Gallery Rare Holo,$5.19,https://images.pokemontcg.io/swsh10tg/TG09_hires.png
2022/05/27,Sword & Shield,Astral Radiance Trainer Gallery,Galarian Obstagoon,TG10,Trainer Gallery Rare Holo,$2.58,https://images.pokemontcg.io/swsh10tg/TG10_hires.png
2022/05/27,Sword & Shield,Astral Radiance Trainer Gallery,Bronzong,TG11,Trainer Gallery Rare Holo,$3.57,https://images.pokemontcg.io/swsh10tg/TG11_hires.png
2022/05/27,Sword & Shield,Astral Radiance Trainer Gallery,Hoothoot,TG12,Trainer Gallery Rare Holo,$9.52,https://images.pokemontcg.io/swsh10tg/TG12_hires.png
2022/05/27,Sword & Shield,Astral Radiance Trainer Gallery,Ice Rider Calyrex VMAX,TG29,Rare Secret,$5.10,https://images.pokemontcg.io/swsh10tg/TG29_hires.png
2022/05/27,Sword & Shield,Astral Radiance Trainer Gallery,Shadow Rider Calyrex VMAX,TG30,Rare Secret,$5.22,https://images.pokemontcg.io/swsh10tg/TG30_hires.png
2022/07/01,Sword & Shield,Pokémon GO,Mewtwo VSTAR,86,Rare Secret,$39.44,https://images.pokemontcg.io/pgo/86_hires.png
2022/07/01,Sword & Shield,Pokémon GO,Egg Incubator,87,Rare Secret,$4.05,https://images.pokemontcg.io/pgo/87_hires.png
2022/07/01,Sword & Shield,Pokémon GO,Lure Module,88,Rare Secret,$2.86,https://images.pokemontcg.io/pgo/88_hires.png
2022/09/09,Sword & Shield,Lost Origin,Giratina VSTAR,212,Rare Secret,$18.66,https://images.pokemontcg.io/swsh11/212_hires.png
2022/09/09,Sword & Shield,Lost Origin,Hisuian Zoroark VSTAR,213,Rare Secret,$7.14,https://images.pokemontcg.io/swsh11/213_hires.png
2022/09/09,Sword & Shield,Lost Origin,Box of Disaster,214,Rare Secret,$2.31,https://images.pokemontcg.io/swsh11/214_hires.png
2022/09/09,Sword & Shield,Lost Origin,Collapsed Stadium,215,Rare Secret,$2.96,https://images.pokemontcg.io/swsh11/215_hires.png
2022/09/09,Sword & Shield,Lost Origin,Dark Patch,216,Rare Secret,$2.89,https://images.pokemontcg.io/swsh11/216_hires.png
2022/09/09,Sword & Shield,Lost Origin,Lost Vacuum,217,Rare Secret,$2.07,https://images.pokemontcg.io/swsh11/217_hires.png
2022/09/09,Sword & Shield,Lost Origin Trainer Gallery,Parasect,TG01,Trainer Gallery Rare Holo,$3.79,https://images.pokemontcg.io/swsh11tg/TG01_hires.png
2022/09/09,Sword & Shield,Lost Origin Trainer Gallery,Roserade,TG02,Trainer Gallery Rare Holo,$3.13,https://images.pokemontcg.io/swsh11tg/TG02_hires.png
2022/09/09,Sword & Shield,Lost Origin Trainer Gallery,Charizard,TG03,Trainer Gallery Rare Holo,$31.53,https://images.pokemontcg.io/swsh11tg/TG03_hires.png
2022/09/09,Sword & Shield,Lost Origin Trainer Gallery,Chandelure,TG04,Trainer Gallery Rare Holo,$4.69,https://images.pokemontcg.io/swsh11tg/TG04_hires.png
2022/09/09,Sword & Shield,Lost Origin Trainer Gallery,Pikachu,TG05,Trainer Gallery Rare Holo,$58.81,https://images.pokemontcg.io/swsh11tg/TG05_hires.png
2022/09/09,Sword & Shield,Lost Origin Trainer Gallery,Gengar,TG06,Trainer Gallery Rare Holo,$59.27,https://images.pokemontcg.io/swsh11tg/TG06_hires.png
2022/09/09,Sword & Shield,Lost Origin Trainer Gallery,Banette,TG07,Trainer Gallery Rare Holo,$3.34,https://images.pokemontcg.io/swsh11tg/TG07_hires.png
2022/09/09,Sword & Shield,Lost Origin Trainer Gallery,Hisuian Arcanine,TG08,Trainer Gallery Rare Holo,$4.80,https://images.pokemontcg.io/swsh11tg/TG08_hires.png
2022/09/09,Sword & Shield,Lost Origin Trainer Gallery,Spiritomb,TG09,Trainer Gallery Rare Holo,$3.28,https://images.pokemontcg.io/swsh11tg/TG09_hires.png
2022/09/09,Sword & Shield,Lost Origin Trainer Gallery,Snorlax,TG10,Trainer Gallery Rare Holo,$20.35,https://images.pokemontcg.io/swsh11tg/TG10_hires.png
2022/09/09,Sword & Shield,Lost Origin Trainer Gallery,Castform,TG11,Trainer Gallery Rare Holo,$2.25,https://images.pokemontcg.io/swsh11tg/TG11_hires.png
2022/09/09,Sword & Shield,Lost Origin Trainer Gallery,Pikachu VMAX,TG29,Rare Secret,$26.12,https://images.pokemontcg.io/swsh11tg/TG29_hires.png
2022/09/09,Sword & Shield,Lost Origin Trainer Gallery,Mew VMAX,TG30,Rare Secret,$32.66,https://images.pokemontcg.io/swsh11tg/TG30_hires.png
2022/11/11,Sword & Shield,Silver Tempest,Serperior VSTAR,210,Rare Secret,$6.67,https://images.pokemontcg.io/swsh12/210_hires.png
2022/11/11,Sword & Shield,Silver Tempest,Lugia VSTAR,211,Rare Secret,$28.36,https://images.pokemontcg.io/swsh12/211_hires.png
2022/11/11,Sword & Shield,Silver Tempest,Energy Switch,212,Rare Secret,$8.87,https://images.pokemontcg.io/swsh12/212_hires.png
2022/11/11,Sword & Shield,Silver Tempest,Gapejaw Bog,213,Rare Secret,$2.34,https://images.pokemontcg.io/swsh12/213_hires.png
2022/11/11,Sword & Shield,Silver Tempest,Leafy Camo Poncho,214,Rare Secret,$1.74,https://images.pokemontcg.io/swsh12/214_hires.png
2022/11/11,Sword & Shield,Silver Tempest,V Guard Energy,215,Rare Secret,$1.90,https://images.pokemontcg.io/swsh12/215_hires.png
2022/11/11,Sword & Shield,Silver Tempest Trainer Gallery,Braixen,TG01,Trainer Gallery Rare Holo,$6.24,https://images.pokemontcg.io/swsh12tg/TG01_hires.png
2022/11/11,Sword & Shield,Silver Tempest Trainer Gallery,Milotic,TG02,Trainer Gallery Rare Holo,$10.39,https://images.pokemontcg.io/swsh12tg/TG02_hires.png
2022/11/11,Sword & Shield,Silver Tempest Trainer Gallery,Flaaffy,TG03,Trainer Gallery Rare Holo,$5.94,https://images.pokemontcg.io/swsh12tg/TG03_hires.png
2022/11/11,Sword & Shield,Silver Tempest Trainer Gallery,Jynx,TG04,Trainer Gallery Rare Holo,$3.19,https://images.pokemontcg.io/swsh12tg/TG04_hires.png
2022/11/11,Sword & Shield,Silver Tempest Trainer Gallery,Gardevoir,TG05,Trainer Gallery Rare Holo,$8.68,https://images.pokemontcg.io/swsh12tg/TG05_hires.png
2022/11/11,Sword & Shield,Silver Tempest Trainer Gallery,Malamar,TG06,Trainer Gallery Rare Holo,$1.44,https://images.pokemontcg.io/swsh12tg/TG06_hires.png
2022/11/11,Sword & Shield,Silver Tempest Trainer Gallery,Rockruff,TG07,Trainer Gallery Rare Holo,$6.09,https://images.pokemontcg.io/swsh12tg/TG07_hires.png
2022/11/11,Sword & Shield,Silver Tempest Trainer Gallery,Passimian,TG08,Trainer Gallery Rare Holo,$1.63,https://images.pokemontcg.io/swsh12tg/TG08_hires.png
2022/11/11,Sword & Shield,Silver Tempest Trainer Gallery,Druddigon,TG09,Trainer Gallery Rare Holo,$4.76,https://images.pokemontcg.io/swsh12tg/TG09_hires.png
2022/11/11,Sword & Shield,Silver Tempest Trainer Gallery,Smeargle,TG10,Trainer Gallery Rare Holo,$5.08,https://images.pokemontcg.io/swsh12tg/TG10_hires.png
2022/11/11,Sword & Shield,Silver Tempest Trainer Gallery,Altaria,TG11,Trainer Gallery Rare Holo,$6.50,https://images.pokemontcg.io/swsh12tg/TG11_hires.png
2022/11/11,Sword & Shield,Silver Tempest Trainer Gallery,Rayquaza VMAX,TG29,Rare Secret,$42.51,https://images.pokemontcg.io/swsh12tg/TG29_hires.png
2022/11/11,Sword & Shield,Silver Tempest Trainer Gallery,Duraludon VMAX,TG30,Rare Secret,$3.77,https://images.pokemontcg.io/swsh12tg/TG30_hires.png
2023/01/20,Sword & Shield,Crown Zenith,Pikachu,160,Rare Secret,$50.69,https://images.pokemontcg.io/swsh12pt5/160_hires.png
2023/01/20,Sword & Shield,Crown Zenith Galarian Gallery,Hisuian Voltorb,GG01,Trainer Gallery Rare Holo,$3.29,https://images.pokemontcg.io/swsh12pt5gg/GG01_hires.png
2023/01/20,Sword & Shield,Crown Zenith Galarian Gallery,Kricketune,GG02,Trainer Gallery Rare Holo,$8.36,https://images.pokemontcg.io/swsh12pt5gg/GG02_hires.png
2023/01/20,Sword & Shield,Crown Zenith Galarian Gallery,Magmortar,GG03,Trainer Gallery Rare Holo,$13.53,https://images.pokemontcg.io/swsh12pt5gg/GG03_hires.png
2023/01/20,Sword & Shield,Crown Zenith Galarian Gallery,Oricorio,GG04,Trainer Gallery Rare Holo,$3.89,https://images.pokemontcg.io/swsh12pt5gg/GG04_hires.png
2023/01/20,Sword & Shield,Crown Zenith Galarian Gallery,Lapras,GG05,Trainer Gallery Rare Holo,$28.52,https://images.pokemontcg.io/swsh12pt5gg/GG05_hires.png
2023/01/20,Sword & Shield,Crown Zenith Galarian Gallery,Manaphy,GG06,Trainer Gallery Rare Holo,$6.91,https://images.pokemontcg.io/swsh12pt5gg/GG06_hires.png
2023/01/20,Sword & Shield,Crown Zenith Galarian Gallery,Keldeo,GG07,Trainer Gallery Rare Holo,$18.78,https://images.pokemontcg.io/swsh12pt5gg/GG07_hires.png
2023/01/20,Sword & Shield,Crown Zenith Galarian Gallery,Electivire,GG08,Trainer Gallery Rare Holo,$10.89,https://images.pokemontcg.io/swsh12pt5gg/GG08_hires.png
2023/01/20,Sword & Shield,Crown Zenith Galarian Gallery,Toxtricity,GG09,Trainer Gallery Rare Holo,$4.12,https://images.pokemontcg.io/swsh12pt5gg/GG09_hires.png
2023/01/20,Sword & Shield,Crown Zenith Galarian Gallery,Mew,GG10,Trainer Gallery Rare Holo,$69.44,https://images.pokemontcg.io/swsh12pt5gg/GG10_hires.png
2023/01/20,Sword & Shield,Crown Zenith Galarian Gallery,Lunatone,GG11,Trainer Gallery Rare Holo,$11.17,https://images.pokemontcg.io/swsh12pt5gg/GG11_hires.png
2023/01/20,Sword & Shield,Crown Zenith Galarian Gallery,Deoxys,GG12,Trainer Gallery Rare Holo,$18.63,https://images.pokemontcg.io/swsh12pt5gg/GG12_hires.png
2023/01/20,Sword & Shield,Crown Zenith Galarian Gallery,Diancie,GG13,Trainer Gallery Rare Holo,$4.91,https://images.pokemontcg.io/swsh12pt5gg/GG13_hires.png
2023/01/20,Sword & Shield,Crown Zenith Galarian Gallery,Comfey,GG14,Trainer Gallery Rare Holo,$2.84,https://images.pokemontcg.io/swsh12pt5gg/GG14_hires.png
2023/01/20,Sword & Shield,Crown Zenith Galarian Gallery,Solrock,GG15,Trainer Gallery Rare Holo,$6.61,https://images.pokemontcg.io/swsh12pt5gg/GG15_hires.png
2023/01/20,Sword & Shield,Crown Zenith Galarian Gallery,Absol,GG16,Trainer Gallery Rare Holo,$8.29,https://images.pokemontcg.io/swsh12pt5gg/GG16_hires.png
2023/01/20,Sword & Shield,Crown Zenith Galarian Gallery,Thievul,GG17,Trainer Gallery Rare Holo,$2.71,https://images.pokemontcg.io/swsh12pt5gg/GG17_hires.png
2023/01/20,Sword & Shield,Crown Zenith Galarian Gallery,Magnezone,GG18,Trainer Gallery Rare Holo,$6.01,https://images.pokemontcg.io/swsh12pt5gg/GG18_hires.png
2023/01/20,Sword & Shield,Crown Zenith Galarian Gallery,Altaria,GG19,Trainer Gallery Rare Holo,$16.39,https://images.pokemontcg.io/swsh12pt5gg/GG19_hires.png
2023/01/20,Sword & Shield,Crown Zenith Galarian Gallery,Latias,GG20,Trainer Gallery Rare Holo,$19.54,https://images.pokemontcg.io/swsh12pt5gg/GG20_hires.png
2023/01/20,Sword & Shield,Crown Zenith Galarian Gallery,Hisuian Goodra,GG21,Trainer Gallery Rare Holo,$4.62,https://images.pokemontcg.io/swsh12pt5gg/GG21_hires.png
2023/01/20,Sword & Shield,Crown Zenith Galarian Gallery,Ditto,GG22,Trainer Gallery Rare Holo,$20.68,https://images.pokemontcg.io/swsh12pt5gg/GG22_hires.png
2023/01/20,Sword & Shield,Crown Zenith Galarian Gallery,Dunsparce,GG23,Trainer Gallery Rare Holo,$4.01,https://images.pokemontcg.io/swsh12pt5gg/GG23_hires.png
2023/01/20,Sword & Shield,Crown Zenith Galarian Gallery,Miltank,GG24,Trainer Gallery Rare Holo,$13.33,https://images.pokemontcg.io/swsh12pt5gg/GG24_hires.png
2023/01/20,Sword & Shield,Crown Zenith Galarian Gallery,Bibarel,GG25,Trainer Gallery Rare Holo,$3.41,https://images.pokemontcg.io/swsh12pt5gg/GG25_hires.png
2023/01/20,Sword & Shield,Crown Zenith Galarian Gallery,Riolu,GG26,Trainer Gallery Rare Holo,$12.67,https://images.pokemontcg.io/swsh12pt5gg/GG26_hires.png
2023/01/20,Sword & Shield,Crown Zenith Galarian Gallery,Swablu,GG27,Trainer Gallery Rare Holo,$6.92,https://images.pokemontcg.io/swsh12pt5gg/GG27_hires.png
2023/01/20,Sword & Shield,Crown Zenith Galarian Gallery,Duskull,GG28,Trainer Gallery Rare Holo,$5.47,https://images.pokemontcg.io/swsh12pt5gg/GG28_hires.png
2023/01/20,Sword & Shield,Crown Zenith Galarian Gallery,Bidoof,GG29,Trainer Gallery Rare Holo,$7.08,https://images.pokemontcg.io/swsh12pt5gg/GG29_hires.png
2023/01/20,Sword & Shield,Crown Zenith Galarian Gallery,Pikachu,GG30,Trainer Gallery Rare Holo,$44.64,https://images.pokemontcg.io/swsh12pt5gg/GG30_hires.png
2023/01/20,Sword & Shield,Crown Zenith Galarian Gallery,Turtwig,GG31,Trainer Gallery Rare Holo,$12.32,https://images.pokemontcg.io/swsh12pt5gg/GG31_hires.png
2023/01/20,Sword & Shield,Crown Zenith Galarian Gallery,Paras,GG32,Trainer Gallery Rare Holo,$8.29,https://images.pokemontcg.io/swsh12pt5gg/GG32_hires.png
2023/01/20,Sword & Shield,Crown Zenith Galarian Gallery,Poochyena,GG33,Trainer Gallery Rare Holo,$6.39,https://images.pokemontcg.io/swsh12pt5gg/GG33_hires.png
2023/01/20,Sword & Shield,Crown Zenith Galarian Gallery,Mareep,GG34,Trainer Gallery Rare Holo,$10.01,https://images.pokemontcg.io/swsh12pt5gg/GG34_hires.png
2023/01/20,Sword & Shield,Crown Zenith Galarian Gallery,Origin Forme Palkia VSTAR,GG67,Rare Secret,$140.67,https://images.pokemontcg.io/swsh12pt5gg/GG67_hires.png
2023/01/20,Sword & Shield,Crown Zenith Galarian Gallery,Origin Forme Dialga VSTAR,GG68,Rare Secret,$130.82,https://images.pokemontcg.io/swsh12pt5gg/GG68_hires.png
2023/01/20,Sword & Shield,Crown Zenith Galarian Gallery,Giratina VSTAR,GG69,Rare Secret,$394.99,https://images.pokemontcg.io/swsh12pt5gg/GG69_hires.png
2023/01/20,Sword & Shield,Crown Zenith Galarian Gallery,Arceus VSTAR,GG70,Rare Secret,$226.24,https://images.pokemontcg.io/swsh12pt5gg/GG70_hires.png
2023/03/31,Scarlet & Violet,Scarlet & Violet,Tarountula,199,Illustration Rare,$17.33,https://images.pokemontcg.io/sv1/199_hires.png
2023/03/31,Scarlet & Violet,Scarlet & Violet,Dolliv,200,Illustration Rare,$7.25,https://images.pokemontcg.io/sv1/200_hires.png
2023/03/31,Scarlet & Violet,Scarlet & Violet,Toedscool,201,Illustration Rare,$5.87,https://images.pokemontcg.io/sv1/201_hires.png
2023/03/31,Scarlet & Violet,Scarlet & Violet,Scovillain,202,Illustration Rare,$6.03,https://images.pokemontcg.io/sv1/202_hires.png
2023/03/31,Scarlet & Violet,Scarlet & Violet,Armarouge,203,Illustration Rare,$17.14,https://images.pokemontcg.io/sv1/203_hires.png
2023/03/31,Scarlet & Violet,Scarlet & Violet,Slowpoke,204,Illustration Rare,$42.96,https://images.pokemontcg.io/sv1/204_hires.png
2023/03/31,Scarlet & Violet,Scarlet & Violet,Clauncher,205,Illustration Rare,$8.27,https://images.pokemontcg.io/sv1/205_hires.png
2023/03/31,Scarlet & Violet,Scarlet & Violet,Wiglett,206,Illustration Rare,$26.02,https://images.pokemontcg.io/sv1/206_hires.png
2023/03/31,Scarlet & Violet,Scarlet & Violet,Dondozo,207,Illustration Rare,$14.83,https://images.pokemontcg.io/sv1/207_hires.png
2023/03/31,Scarlet & Violet,Scarlet & Violet,Pachirisu,208,Illustration Rare,$20.70,https://images.pokemontcg.io/sv1/208_hires.png
2023/03/31,Scarlet & Violet,Scarlet & Violet,Pawmot,209,Illustration Rare,$11.52,https://images.pokemontcg.io/sv1/209_hires.png
2023/03/31,Scarlet & Violet,Scarlet & Violet,Drowzee,210,Illustration Rare,$63.83,https://images.pokemontcg.io/sv1/210_hires.png
2023/03/31,Scarlet & Violet,Scarlet & Violet,Ralts,211,Illustration Rare,$51.03,https://images.pokemontcg.io/sv1/211_hires.png
2023/03/31,Scarlet & Violet,Scarlet & Violet,Kirlia,212,Illustration Rare,$51.55,https://images.pokemontcg.io/sv1/212_hires.png
2023/03/31,Scarlet & Violet,Scarlet & Violet,Fidough,213,Illustration Rare,$26.20,https://images.pokemontcg.io/sv1/213_hires.png
2023/03/31,Scarlet & Violet,Scarlet & Violet,Greavard,214,Illustration Rare,$22.50,https://images.pokemontcg.io/sv1/214_hires.png
2023/03/31,Scarlet & Violet,Scarlet & Violet,Riolu,215,Illustration Rare,$39.96,https://images.pokemontcg.io/sv1/215_hires.png
2023/03/31,Scarlet & Violet,Scarlet & Violet,Sandile,216,Illustration Rare,$6.79,https://images.pokemontcg.io/sv1/216_hires.png
2023/03/31,Scarlet & Violet,Scarlet & Violet,Klawf,217,Illustration Rare,$5.79,https://images.pokemontcg.io/sv1/217_hires.png
2023/03/31,Scarlet & Violet,Scarlet & Violet,Mabosstiff,218,Illustration Rare,$7.96,https://images.pokemontcg.io/sv1/218_hires.png
2023/03/31,Scarlet & Violet,Scarlet & Violet,Bombirdier,219,Illustration Rare,$5.74,https://images.pokemontcg.io/sv1/219_hires.png
2023/03/31,Scarlet & Violet,Scarlet & Violet,Kingambit,220,Illustration Rare,$11.24,https://images.pokemontcg.io/sv1/220_hires.png
2023/03/31,Scarlet & Violet,Scarlet & Violet,Starly,221,Illustration Rare,$15.62,https://images.pokemontcg.io/sv1/221_hires.png
2023/03/31,Scarlet & Violet,Scarlet & Violet,Skwovet,222,Illustration Rare,$9.56,https://images.pokemontcg.io/sv1/222_hires.png
2023/03/31,Scarlet & Violet,Scarlet & Violet,Spidops ex,243,Special Illustration Rare,$11.45,https://images.pokemontcg.io/sv1/243_hires.png
2023/03/31,Scarlet & Violet,Scarlet & Violet,Miraidon ex,244,Special Illustration Rare,$28.05,https://images.pokemontcg.io/sv1/244_hires.png
2023/03/31,Scarlet & Violet,Scarlet & Violet,Gardevoir ex,245,Special Illustration Rare,$77.01,https://images.pokemontcg.io/sv1/245_hires.png
2023/03/31,Scarlet & Violet,Scarlet & Violet,Great Tusk ex,246,Special Illustration Rare,$12.98,https://images.pokemontcg.io/sv1/246_hires.png
2023/03/31,Scarlet & Violet,Scarlet & Violet,Koraidon ex,247,Special Illustration Rare,$23.26,https://images.pokemontcg.io/sv1/247_hires.png
2023/03/31,Scarlet & Violet,Scarlet & Violet,Iron Treads ex,248,Special Illustration Rare,$5.63,https://images.pokemontcg.io/sv1/248_hires.png
2023/03/31,Scarlet & Violet,Scarlet & Violet,Arven,249,Special Illustration Rare,$5.21,https://images.pokemontcg.io/sv1/249_hires.png
2023/03/31,Scarlet & Violet,Scarlet & Violet,Jacq,250,Special Illustration Rare,$4.76,https://images.pokemontcg.io/sv1/250_hires.png
2023/03/31,Scarlet & Violet,Scarlet & Violet,Miriam,251,Special Illustration Rare,$26.11,https://images.pokemontcg.io/sv1/251_hires.png
2023/03/31,Scarlet & Violet,Scarlet & Violet,Penny,252,Special Illustration Rare,$6.43,https://images.pokemontcg.io/sv1/252_hires.png
2023/03/31,Scarlet & Violet,Scarlet & Violet,Miraidon ex,253,Hyper Rare,$8.30,https://images.pokemontcg.io/sv1/253_hires.png
2023/03/31,Scarlet & Violet,Scarlet & Violet,Koraidon ex,254,Hyper Rare,$7.35,https://images.pokemontcg.io/sv1/254_hires.png
2023/03/31,Scarlet & Violet,Scarlet & Violet,Nest Ball,255,Hyper Rare,$3.23,https://images.pokemontcg.io/sv1/255_hires.png
2023/03/31,Scarlet & Violet,Scarlet & Violet,Rare Candy,256,Hyper Rare,$5.57,https://images.pokemontcg.io/sv1/256_hires.png
2023/03/31,Scarlet & Violet,Scarlet & Violet,Basic Lightning Energy,257,Hyper Rare,$4.11,https://images.pokemontcg.io/sv1/257_hires.png
2023/03/31,Scarlet & Violet,Scarlet & Violet,Basic Fighting Energy,258,Hyper Rare,$7.03,https://images.pokemontcg.io/sv1/258_hires.png
2023/06/09,Scarlet & Violet,Paldea Evolved,Heracross,194,Illustration Rare,$34.34,https://images.pokemontcg.io/sv2/194_hires.png
2023/06/09,Scarlet & Violet,Paldea Evolved,Tropius,195,Illustration Rare,$17.08,https://images.pokemontcg.io/sv2/195_hires.png
2023/06/09,Scarlet & Violet,Paldea Evolved,Sprigatito,196,Illustration Rare,$65.02,https://images.pokemontcg.io/sv2/196_hires.png
2023/06/09,Scarlet & Violet,Paldea Evolved,Floragato,197,Illustration Rare,$22.06,https://images.pokemontcg.io/sv2/197_hires.png
2023/06/09,Scarlet & Violet,Paldea Evolved,Bramblin,198,Illustration Rare,$11.20,https://images.pokemontcg.io/sv2/198_hires.png
2023/06/09,Scarlet & Violet,Paldea Evolved,Fletchinder,199,Illustration Rare,$20.78,https://images.pokemontcg.io/sv2/199_hires.png
2023/06/09,Scarlet & Violet,Paldea Evolved,Pyroar,200,Illustration Rare,$20.71,https://images.pokemontcg.io/sv2/200_hires.png
2023/06/09,Scarlet & Violet,Paldea Evolved,Fuecoco,201,Illustration Rare,$60.55,https://images.pokemontcg.io/sv2/201_hires.png
2023/06/09,Scarlet & Violet,Paldea Evolved,Crocalor,202,Illustration Rare,$19.99,https://images.pokemontcg.io/sv2/202_hires.png
2023/06/09,Scarlet & Violet,Paldea Evolved,Magikarp,203,Illustration Rare,$426.63,https://images.pokemontcg.io/sv2/203_hires.png
2023/06/09,Scarlet & Violet,Paldea Evolved,Marill,204,Illustration Rare,$63.06,https://images.pokemontcg.io/sv2/204_hires.png
2023/06/09,Scarlet & Violet,Paldea Evolved,Eiscue,205,Illustration Rare,$23.05,https://images.pokemontcg.io/sv2/205_hires.png
2023/06/09,Scarlet & Violet,Paldea Evolved,Quaxly,206,Illustration Rare,$21.61,https://images.pokemontcg.io/sv2/206_hires.png
2023/06/09,Scarlet & Violet,Paldea Evolved,Quaxwell,207,Illustration Rare,$11.40,https://images.pokemontcg.io/sv2/207_hires.png
2023/06/09,Scarlet & Violet,Paldea Evolved,Frigibax,208,Illustration Rare,$25.84,https://images.pokemontcg.io/sv2/208_hires.png
2023/06/09,Scarlet & Violet,Paldea Evolved,Arctibax,209,Illustration Rare,$19.85,https://images.pokemontcg.io/sv2/209_hires.png
2023/06/09,Scarlet & Violet,Paldea Evolved,Baxcalibur,210,Illustration Rare,$42.32,https://images.pokemontcg.io/sv2/210_hires.png
2023/06/09,Scarlet & Violet,Paldea Evolved,Raichu,211,Illustration Rare,$115.72,https://images.pokemontcg.io/sv2/211_hires.png
2023/06/09,Scarlet & Violet,Paldea Evolved,Mismagius,212,Illustration Rare,$42.64,https://images.pokemontcg.io/sv2/212_hires.png
2023/06/09,Scarlet & Violet,Paldea Evolved,Gothorita,213,Illustration Rare,$13.55,https://images.pokemontcg.io/sv2/213_hires.png
2023/06/09,Scarlet & Violet,Paldea Evolved,Sandygast,214,Illustration Rare,$10.83,https://images.pokemontcg.io/sv2/214_hires.png
2023/06/09,Scarlet & Violet,Paldea Evolved,Rabsca,215,Illustration Rare,$6.20,https://images.pokemontcg.io/sv2/215_hires.png
2023/06/09,Scarlet & Violet,Paldea Evolved,Tinkatink,216,Illustration Rare,$32.19,https://images.pokemontcg.io/sv2/216_hires.png
2023/06/09,Scarlet & Violet,Paldea Evolved,Tinkatuff,217,Illustration Rare,$37.36,https://images.pokemontcg.io/sv2/217_hires.png
2023/06/09,Scarlet & Violet,Paldea Evolved,Paldean Tauros,218,Illustration Rare,$18.48,https://images.pokemontcg.io/sv2/218_hires.png
2023/06/09,Scarlet & Violet,Paldea Evolved,Sudowoodo,219,Illustration Rare,$30.80,https://images.pokemontcg.io/sv2/219_hires.png
2023/06/09,Scarlet & Violet,Paldea Evolved,Nacli,220,Illustration Rare,$6.79,https://images.pokemontcg.io/sv2/220_hires.png
2023/06/09,Scarlet & Violet,Paldea Evolved,Paldean Wooper,221,Illustration Rare,$15.35,https://images.pokemontcg.io/sv2/221_hires.png
2023/06/09,Scarlet & Violet,Paldea Evolved,Tyranitar,222,Illustration Rare,$76.41,https://images.pokemontcg.io/sv2/222_hires.png
2023/06/09,Scarlet & Violet,Paldea Evolved,Grafaiai,223,Illustration Rare,$8.57,https://images.pokemontcg.io/sv2/223_hires.png
2023/06/09,Scarlet & Violet,Paldea Evolved,Orthworm,224,Illustration Rare,$6.79,https://images.pokemontcg.io/sv2/224_hires.png
2023/06/09,Scarlet & Violet,Paldea Evolved,Rookidee,225,Illustration Rare,$11.98,https://images.pokemontcg.io/sv2/225_hires.png
2023/06/09,Scarlet & Violet,Paldea Evolved,Maushold,226,Illustration Rare,$101.65,https://images.pokemontcg.io/sv2/226_hires.png
2023/06/09,Scarlet & Violet,Paldea Evolved,Flamigo,227,Illustration Rare,$11.98,https://images.pokemontcg.io/sv2/227_hires.png
2023/06/09,Scarlet & Violet,Paldea Evolved,Farigiraf,228,Illustration Rare,$15.93,https://images.pokemontcg.io/sv2/228_hires.png
2023/06/09,Scarlet & Violet,Paldea Evolved,Dudunsparce,229,Illustration Rare,$11.66,https://images.pokemontcg.io/sv2/229_hires.png
2023/06/09,Scarlet & Violet,Paldea Evolved,Meowscarada ex,256,Special Illustration Rare,$39.53,https://images.pokemontcg.io/sv2/256_hires.png
2023/06/09,Scarlet & Violet,Paldea Evolved,Wo-Chien ex,257,Special Illustration Rare,$19.01,https://images.pokemontcg.io/sv2/257_hires.png
2023/06/09,Scarlet & Violet,Paldea Evolved,Skeledirge ex,258,Special Illustration Rare,$39.23,https://images.pokemontcg.io/sv2/258_hires.png
2023/06/09,Scarlet & Violet,Paldea Evolved,Chi-Yu ex,259,Special Illustration Rare,$55.71,https://images.pokemontcg.io/sv2/259_hires.png
2023/06/09,Scarlet & Violet,Paldea Evolved,Quaquaval ex,260,Special Illustration Rare,$15.43,https://images.pokemontcg.io/sv2/260_hires.png
2023/06/09,Scarlet & Violet,Paldea Evolved,Chien-Pao ex,261,Special Illustration Rare,$31.46,https://images.pokemontcg.io/sv2/261_hires.png
2023/06/09,Scarlet & Violet,Paldea Evolved,Tinkaton ex,262,Special Illustration Rare,$53.92,https://images.pokemontcg.io/sv2/262_hires.png
2023/06/09,Scarlet & Violet,Paldea Evolved,Ting-Lu ex,263,Special Illustration Rare,$12.14,https://images.pokemontcg.io/sv2/263_hires.png
2023/06/09,Scarlet & Violet,Paldea Evolved,Squawkabilly ex,264,Special Illustration Rare,$11.91,https://images.pokemontcg.io/sv2/264_hires.png
2023/06/09,Scarlet & Violet,Paldea Evolved,Boss's Orders (Ghetsis),265,Special Illustration Rare,$19.22,https://images.pokemontcg.io/sv2/265_hires.png
2023/06/09,Scarlet & Violet,Paldea Evolved,Dendra,266,Special Illustration Rare,$11.10,https://images.pokemontcg.io/sv2/266_hires.png
2023/06/09,Scarlet & Violet,Paldea Evolved,Giacomo,267,Special Illustration Rare,$4.59,https://images.pokemontcg.io/sv2/267_hires.png
2023/06/09,Scarlet & Violet,Paldea Evolved,Grusha,268,Special Illustration Rare,$21.06,https://images.pokemontcg.io/sv2/268_hires.png
2023/06/09,Scarlet & Violet,Paldea Evolved,Iono,269,Special Illustration Rare,$64.17,https://images.pokemontcg.io/sv2/269_hires.png
2023/06/09,Scarlet & Violet,Paldea Evolved,Saguaro,270,Special Illustration Rare,$15.83,https://images.pokemontcg.io/sv2/270_hires.png
2023/06/09,Scarlet & Violet,Paldea Evolved,Meowscarada ex,271,Hyper Rare,$9.84,https://images.pokemontcg.io/sv2/271_hires.png
2023/06/09,Scarlet & Violet,Paldea Evolved,Skeledirge ex,272,Hyper Rare,$6.19,https://images.pokemontcg.io/sv2/272_hires.png
2023/06/09,Scarlet & Violet,Paldea Evolved,Quaquaval ex,273,Hyper Rare,$6.06,https://images.pokemontcg.io/sv2/273_hires.png
2023/06/09,Scarlet & Violet,Paldea Evolved,Chien-Pao ex,274,Hyper Rare,$6.43,https://images.pokemontcg.io/sv2/274_hires.png
2023/06/09,Scarlet & Violet,Paldea Evolved,Ting-Lu ex,275,Hyper Rare,$3.71,https://images.pokemontcg.io/sv2/275_hires.png
2023/06/09,Scarlet & Violet,Paldea Evolved,Super Rod,276,Hyper Rare,$4.10,https://images.pokemontcg.io/sv2/276_hires.png
2023/06/09,Scarlet & Violet,Paldea Evolved,Superior Energy Retrieval,277,Hyper Rare,$2.26,https://images.pokemontcg.io/sv2/277_hires.png
2023/06/09,Scarlet & Violet,Paldea Evolved,Basic Grass Energy,278,Hyper Rare,$10.16,https://images.pokemontcg.io/sv2/278_hires.png
2023/06/09,Scarlet & Violet,Paldea Evolved,Basic Water Energy,279,Hyper Rare,$11.65,https://images.pokemontcg.io/sv2/279_hires.png
2023/08/11,Scarlet & Violet,Obsidian Flames,Gloom,198,Illustration Rare,$28.16,https://images.pokemontcg.io/sv3/198_hires.png
2023/08/11,Scarlet & Violet,Obsidian Flames,Ninetales,199,Illustration Rare,$43.11,https://images.pokemontcg.io/sv3/199_hires.png
2023/08/11,Scarlet & Violet,Obsidian Flames,Palafin,200,Illustration Rare,$5.51,https://images.pokemontcg.io/sv3/200_hires.png
2023/08/11,Scarlet & Violet,Obsidian Flames,Bellibolt,201,Illustration Rare,$5.61,https://images.pokemontcg.io/sv3/201_hires.png
2023/08/11,Scarlet & Violet,Obsidian Flames,Cleffa,202,Illustration Rare,$38.84,https://images.pokemontcg.io/sv3/202_hires.png
2023/08/11,Scarlet & Violet,Obsidian Flames,Larvitar,203,Illustration Rare,$7.25,https://images.pokemontcg.io/sv3/203_hires.png
2023/08/11,Scarlet & Violet,Obsidian Flames,Houndour,204,Illustration Rare,$11.03,https://images.pokemontcg.io/sv3/204_hires.png
2023/08/11,Scarlet & Violet,Obsidian Flames,Scizor,205,Illustration Rare,$18.35,https://images.pokemontcg.io/sv3/205_hires.png
2023/08/11,Scarlet & Violet,Obsidian Flames,Varoom,206,Illustration Rare,$3.02,https://images.pokemontcg.io/sv3/206_hires.png
2023/08/11,Scarlet & Violet,Obsidian Flames,Pidgey,207,Illustration Rare,$19.02,https://images.pokemontcg.io/sv3/207_hires.png
2023/08/11,Scarlet & Violet,Obsidian Flames,Pidgeotto,208,Illustration Rare,$9.83,https://images.pokemontcg.io/sv3/208_hires.png
2023/08/11,Scarlet & Violet,Obsidian Flames,Lechonk,209,Illustration Rare,$13.77,https://images.pokemontcg.io/sv3/209_hires.png
2023/08/11,Scarlet & Violet,Obsidian Flames,Eiscue ex,222,Special Illustration Rare,$8.48,https://images.pokemontcg.io/sv3/222_hires.png
2023/08/11,Scarlet & Violet,Obsidian Flames,Charizard ex,223,Special Illustration Rare,$120.54,https://images.pokemontcg.io/sv3/223_hires.png
2023/08/11,Scarlet & Violet,Obsidian Flames,Revavroom ex,224,Special Illustration Rare,$5.32,https://images.pokemontcg.io/sv3/224_hires.png
2023/08/11,Scarlet & Violet,Obsidian Flames,Pidgeot ex,225,Special Illustration Rare,$23.67,https://images.pokemontcg.io/sv3/225_hires.png
2023/08/11,Scarlet & Violet,Obsidian Flames,Geeta,226,Special Illustration Rare,$2.72,https://images.pokemontcg.io/sv3/226_hires.png
2023/08/11,Scarlet & Violet,Obsidian Flames,Poppy,227,Special Illustration Rare,$3.22,https://images.pokemontcg.io/sv3/227_hires.png
2023/08/11,Scarlet & Violet,Obsidian Flames,Charizard ex,228,Hyper Rare,$38.89,https://images.pokemontcg.io/sv3/228_hires.png
2023/08/11,Scarlet & Violet,Obsidian Flames,Artazon,229,Hyper Rare,$1.20,https://images.pokemontcg.io/sv3/229_hires.png
2023/08/11,Scarlet & Violet,Obsidian Flames,Basic Fire Energy,230,Hyper Rare,$4.11,https://images.pokemontcg.io/sv3/230_hires.png
2023/09/22,Scarlet & Violet,151,Bulbasaur,166,Illustration Rare,$82.96,https://images.pokemontcg.io/sv3pt5/166_hires.png
2023/09/22,Scarlet & Violet,151,Ivysaur,167,Illustration Rare,$46.57,https://images.pokemontcg.io/sv3pt5/167_hires.png
2023/09/22,Scarlet & Violet,151,Charmander,168,Illustration Rare,$106.50,https://images.pokemontcg.io/sv3pt5/168_hires.png
2023/09/22,Scarlet & Violet,151,Charmeleon,169,Illustration Rare,$73.68,https://images.pokemontcg.io/sv3pt5/169_hires.png
2023/09/22,Scarlet & Violet,151,Squirtle,170,Illustration Rare,$103.38,https://images.pokemontcg.io/sv3pt5/170_hires.png
2023/09/22,Scarlet & Violet,151,Wartortle,171,Illustration Rare,$64.84,https://images.pokemontcg.io/sv3pt5/171_hires.png
2023/09/22,Scarlet & Violet,151,Caterpie,172,Illustration Rare,$17.81,https://images.pokemontcg.io/sv3pt5/172_hires.png
2023/09/22,Scarlet & Violet,151,Pikachu,173,Illustration Rare,$95.76,https://images.pokemontcg.io/sv3pt5/173_hires.png
2023/09/22,Scarlet & Violet,151,Nidoking,174,Illustration Rare,$21.04,https://images.pokemontcg.io/sv3pt5/174_hires.png
2023/09/22,Scarlet & Violet,151,Psyduck,175,Illustration Rare,$74.17,https://images.pokemontcg.io/sv3pt5/175_hires.png
2023/09/22,Scarlet & Violet,151,Poliwhirl,176,Illustration Rare,$47.40,https://images.pokemontcg.io/sv3pt5/176_hires.png
2023/09/22,Scarlet & Violet,151,Machoke,177,Illustration Rare,$22.54,https://images.pokemontcg.io/sv3pt5/177_hires.png
2023/09/22,Scarlet & Violet,151,Tangela,178,Illustration Rare,$15.71,https://images.pokemontcg.io/sv3pt5/178_hires.png
2023/09/22,Scarlet & Violet,151,Mr. Mime,179,Illustration Rare,$14.49,https://images.pokemontcg.io/sv3pt5/179_hires.png
2023/09/22,Scarlet & Violet,151,Omanyte,180,Illustration Rare,$16.20,https://images.pokemontcg.io/sv3pt5/180_hires.png
2023/09/22,Scarlet & Violet,151,Dragonair,181,Illustration Rare,$49.58,https://images.pokemontcg.io/sv3pt5/181_hires.png
2023/09/22,Scarlet & Violet,151,Venusaur ex,198,Special Illustration Rare,$117.75,https://images.pokemontcg.io/sv3pt5/198_hires.png
2023/09/22,Scarlet & Violet,151,Charizard ex,199,Special Illustration Rare,$400.44,https://images.pokemontcg.io/sv3pt5/199_hires.png
2023/09/22,Scarlet & Violet,151,Blastoise ex,200,Special Illustration Rare,$146.88,https://images.pokemontcg.io/sv3pt5/200_hires.png
2023/09/22,Scarlet & Violet,151,Alakazam ex,201,Special Illustration Rare,$70.46,https://images.pokemontcg.io/sv3pt5/201_hires.png
2023/09/22,Scarlet & Violet,151,Zapdos ex,202,Special Illustration Rare,$104.58,https://images.pokemontcg.io/sv3pt5/202_hires.png
2023/09/22,Scarlet & Violet,151,Erika's Invitation,203,Special Illustration Rare,$19.32,https://images.pokemontcg.io/sv3pt5/203_hires.png
2023/09/22,Scarlet & Violet,151,Giovanni's Charisma,204,Special Illustration Rare,$16.99,https://images.pokemontcg.io/sv3pt5/204_hires.png
2023/09/22,Scarlet & Violet,151,Mew ex,205,Hyper Rare,$26.42,https://images.pokemontcg.io/sv3pt5/205_hires.png
2023/09/22,Scarlet & Violet,151,Switch,206,Hyper Rare,$2.54,https://images.pokemontcg.io/sv3pt5/206_hires.png
2023/09/22,Scarlet & Violet,151,Basic Psychic Energy,207,Hyper Rare,$4.49,https://images.pokemontcg.io/sv3pt5/207_hires.png
2023/11/03,Scarlet & Violet,Paradox Rift,Crustle,183,Illustration Rare,$5.83,https://images.pokemontcg.io/sv4/183_hires.png
2023/11/03,Scarlet & Violet,Paradox Rift,Dottler,184,Illustration Rare,$5.70,https://images.pokemontcg.io/sv4/184_hires.png
2023/11/03,Scarlet & Violet,Paradox Rift,Toedscruel,185,Illustration Rare,$7.43,https://images.pokemontcg.io/sv4/185_hires.png
2023/11/03,Scarlet & Violet,Paradox Rift,Magby,186,Illustration Rare,$23.82,https://images.pokemontcg.io/sv4/186_hires.png
2023/11/03,Scarlet & Violet,Paradox Rift,Iron Moth,187,Illustration Rare,$9.21,https://images.pokemontcg.io/sv4/187_hires.png
2023/11/03,Scarlet & Violet,Paradox Rift,Snorunt,188,Illustration Rare,$10.71,https://images.pokemontcg.io/sv4/188_hires.png
2023/11/03,Scarlet & Violet,Paradox Rift,Mantyke,189,Illustration Rare,$40.69,https://images.pokemontcg.io/sv4/189_hires.png
2023/11/03,Scarlet & Violet,Paradox Rift,Vanillish,190,Illustration Rare,$12.59,https://images.pokemontcg.io/sv4/190_hires.png
2023/11/03,Scarlet & Violet,Paradox Rift,Wimpod,191,Illustration Rare,$13.50,https://images.pokemontcg.io/sv4/191_hires.png
2023/11/03,Scarlet & Violet,Paradox Rift,Veluza,192,Illustration Rare,$12.23,https://images.pokemontcg.io/sv4/192_hires.png
2023/11/03,Scarlet & Violet,Paradox Rift,Plusle,193,Illustration Rare,$50.95,https://images.pokemontcg.io/sv4/193_hires.png
2023/11/03,Scarlet & Violet,Paradox Rift,Minun,194,Illustration Rare,$43.33,https://images.pokemontcg.io/sv4/194_hires.png
2023/11/03,Scarlet & Violet,Paradox Rift,Blitzle,195,Illustration Rare,$11.73,https://images.pokemontcg.io/sv4/195_hires.png
2023/11/03,Scarlet & Violet,Paradox Rift,Joltik,196,Illustration Rare,$29.18,https://images.pokemontcg.io/sv4/196_hires.png
2023/11/03,Scarlet & Violet,Paradox Rift,Espathra,197,Illustration Rare,$7.82,https://images.pokemontcg.io/sv4/197_hires.png
2023/11/03,Scarlet & Violet,Paradox Rift,Gimmighoul,198,Illustration Rare,$15.44,https://images.pokemontcg.io/sv4/198_hires.png
2023/11/03,Scarlet & Violet,Paradox Rift,Groudon,199,Illustration Rare,$118.03,https://images.pokemontcg.io/sv4/199_hires.png
2023/11/03,Scarlet & Violet,Paradox Rift,Mienshao,200,Illustration Rare,$9.80,https://images.pokemontcg.io/sv4/200_hires.png
2023/11/03,Scarlet & Violet,Paradox Rift,Minior,201,Illustration Rare,$26.54,https://images.pokemontcg.io/sv4/201_hires.png
2023/11/03,Scarlet & Violet,Paradox Rift,Garganacl,202,Illustration Rare,$6.55,https://images.pokemontcg.io/sv4/202_hires.png
2023/11/03,Scarlet & Violet,Paradox Rift,Slither Wing,203,Illustration Rare,$6.26,https://images.pokemontcg.io/sv4/203_hires.png
2023/11/03,Scarlet & Violet,Paradox Rift,Garbodor,204,Illustration Rare,$20.38,https://images.pokemontcg.io/sv4/204_hires.png
2023/11/03,Scarlet & Violet,Paradox Rift,Yveltal,205,Illustration Rare,$28.19,https://images.pokemontcg.io/sv4/205_hires.png
2023/11/03,Scarlet & Violet,Paradox Rift,Morpeko,206,Illustration Rare,$50.82,https://images.pokemontcg.io/sv4/206_hires.png
2023/11/03,Scarlet & Violet,Paradox Rift,Brute Bonnet,207,Illustration Rare,$19.45,https://images.pokemontcg.io/sv4/207_hires.png
2023/11/03,Scarlet & Violet,Paradox Rift,Steelix,208,Illustration Rare,$42.29,https://images.pokemontcg.io/sv4/208_hires.png
2023/11/03,Scarlet & Violet,Paradox Rift,Ferrothorn,209,Illustration Rare,$5.87,https://images.pokemontcg.io/sv4/209_hires.png
2023/11/03,Scarlet & Violet,Paradox Rift,Aegislash,210,Illustration Rare,$11.51,https://images.pokemontcg.io/sv4/210_hires.png
2023/11/03,Scarlet & Violet,Paradox Rift,Aipom,211,Illustration Rare,$31.56,https://images.pokemontcg.io/sv4/211_hires.png
2023/11/03,Scarlet & Violet,Paradox Rift,Loudred,212,Illustration Rare,$16.75,https://images.pokemontcg.io/sv4/212_hires.png
2023/11/03,Scarlet & Violet,Paradox Rift,Swablu,213,Illustration Rare,$31.38,https://images.pokemontcg.io/sv4/213_hires.png
2023/11/03,Scarlet & Violet,Paradox Rift,Porygon-Z,214,Illustration Rare,$14.99,https://images.pokemontcg.io/sv4/214_hires.png
2023/11/03,Scarlet & Violet,Paradox Rift,Cyclizar,215,Illustration Rare,$8.19,https://images.pokemontcg.io/sv4/215_hires.png
2023/11/03,Scarlet & Violet,Paradox Rift,Iron Jugulis,216,Illustration Rare,$11.84,https://images.pokemontcg.io/sv4/216_hires.png
2023/11/03,Scarlet & Violet,Paradox Rift,Garchomp ex,245,Special Illustration Rare,$36.70,https://images.pokemontcg.io/sv4/245_hires.png
2023/11/03,Scarlet & Violet,Paradox Rift,Golisopod ex,246,Special Illustration Rare,$26.42,https://images.pokemontcg.io/sv4/246_hires.png
2023/11/03,Scarlet & Violet,Paradox Rift,Tapu Koko ex,247,Special Illustration Rare,$19.91,https://images.pokemontcg.io/sv4/247_hires.png
2023/11/03,Scarlet & Violet,Paradox Rift,Iron Hands ex,248,Special Illustration Rare,$12.80,https://images.pokemontcg.io/sv4/248_hires.png
2023/11/03,Scarlet & Violet,Paradox Rift,Iron Valiant ex,249,Special Illustration Rare,$23.19,https://images.pokemontcg.io/sv4/249_hires.png
2023/11/03,Scarlet & Violet,Paradox Rift,Sandy Shocks ex,250,Special Illustration Rare,$9.03,https://images.pokemontcg.io/sv4/250_hires.png
2023/11/03,Scarlet & Violet,Paradox Rift,Roaring Moon ex,251,Special Illustration Rare,$42.17,https://images.pokemontcg.io/sv4/251_hires.png
2023/11/03,Scarlet & Violet,Paradox Rift,Gholdengo ex,252,Special Illustration Rare,$37.75,https://images.pokemontcg.io/sv4/252_hires.png
2023/11/03,Scarlet & Violet,Paradox Rift,Altaria ex,253,Special Illustration Rare,$61.72,https://images.pokemontcg.io/sv4/253_hires.png
2023/11/03,Scarlet & Violet,Paradox Rift,Mela,254,Special Illustration Rare,$8.54,https://images.pokemontcg.io/sv4/254_hires.png
2023/11/03,Scarlet & Violet,Paradox Rift,Parasol Lady,255,Special Illustration Rare,$16.70,https://images.pokemontcg.io/sv4/255_hires.png
2023/11/03,Scarlet & Violet,Paradox Rift,Professor Sada's Vitality,256,Special Illustration Rare,$8.37,https://images.pokemontcg.io/sv4/256_hires.png
2023/11/03,Scarlet & Violet,Paradox Rift,Professor Turo's Scenario,257,Special Illustration Rare,$6.08,https://images.pokemontcg.io/sv4/257_hires.png
2023/11/03,Scarlet & Violet,Paradox Rift,Rika,258,Special Illustration Rare,$9.46,https://images.pokemontcg.io/sv4/258_hires.png
2023/11/03,Scarlet & Violet,Paradox Rift,Tulip,259,Special Illustration Rare,$8.42,https://images.pokemontcg.io/sv4/259_hires.png
2023/11/03,Scarlet & Violet,Paradox Rift,Garchomp ex,260,Hyper Rare,$16.71,https://images.pokemontcg.io/sv4/260_hires.png
2023/11/03,Scarlet & Violet,Paradox Rift,Iron Valiant ex,261,Hyper Rare,$5.84,https://images.pokemontcg.io/sv4/261_hires.png
2023/11/03,Scarlet & Violet,Paradox Rift,Roaring Moon ex,262,Hyper Rare,$7.41,https://images.pokemontcg.io/sv4/262_hires.png
2023/11/03,Scarlet & Violet,Paradox Rift,Beach Court,263,Hyper Rare,$3.01,https://images.pokemontcg.io/sv4/263_hires.png
2023/11/03,Scarlet & Violet,Paradox Rift,Counter Catcher,264,Hyper Rare,$2.51,https://images.pokemontcg.io/sv4/264_hires.png
2023/11/03,Scarlet & Violet,Paradox Rift,Luxurious Cape,265,Hyper Rare,$2.53,https://images.pokemontcg.io/sv4/265_hires.png
2023/11/03,Scarlet & Violet,Paradox Rift,Reversal Energy,266,Hyper Rare,$3.02,https://images.pokemontcg.io/sv4/266_hires.png
2024/01/26,Scarlet & Violet,Paldean Fates,Wugtrio,224,Illustration Rare,$3.07,https://images.pokemontcg.io/sv4pt5/224_hires.png
2024/01/26,Scarlet & Violet,Paldean Fates,Palafin,225,Illustration Rare,$2.39,https://images.pokemontcg.io/sv4pt5/225_hires.png
2024/01/26,Scarlet & Violet,Paldean Fates,Pawmi,226,Illustration Rare,$3.46,https://images.pokemontcg.io/sv4pt5/226_hires.png
2024/01/26,Scarlet & Violet,Paldean Fates,Mew ex,232,Special Illustration Rare,$1064.41,https://images.pokemontcg.io/sv4pt5/232_hires.png
2024/01/26,Scarlet & Violet,Paldean Fates,Gardevoir ex,233,Special Illustration Rare,$186.05,https://images.pokemontcg.io/sv4pt5/233_hires.png
2024/01/26,Scarlet & Violet,Paldean Fates,Charizard ex,234,Special Illustration Rare,$326.29,https://images.pokemontcg.io/sv4pt5/234_hires.png
2024/01/26,Scarlet & Violet,Paldean Fates,Arven,235,Special Illustration Rare,$10.47,https://images.pokemontcg.io/sv4pt5/235_hires.png
2024/01/26,Scarlet & Violet,Paldean Fates,Clive,236,Special Illustration Rare,$31.09,https://images.pokemontcg.io/sv4pt5/236_hires.png
2024/01/26,Scarlet & Violet,Paldean Fates,Iono,237,Special Illustration Rare,$31.35,https://images.pokemontcg.io/sv4pt5/237_hires.png
2024/01/26,Scarlet & Violet,Paldean Fates,Nemona,238,Special Illustration Rare,$6.91,https://images.pokemontcg.io/sv4pt5/238_hires.png
2024/01/26,Scarlet & Violet,Paldean Fates,Penny,239,Special Illustration Rare,$17.59,https://images.pokemontcg.io/sv4pt5/239_hires.png
2024/01/26,Scarlet & Violet,Paldean Fates,Wo-Chien ex,240,Hyper Rare,$7.25,https://images.pokemontcg.io/sv4pt5/240_hires.png
2024/01/26,Scarlet & Violet,Paldean Fates,Chi-Yu ex,241,Hyper Rare,$12.39,https://images.pokemontcg.io/sv4pt5/241_hires.png
2024/01/26,Scarlet & Violet,Paldean Fates,Chien-Pao ex,242,Hyper Rare,$11.82,https://images.pokemontcg.io/sv4pt5/242_hires.png
2024/01/26,Scarlet & Violet,Paldean Fates,Miraidon ex,243,Hyper Rare,$17.65,https://images.pokemontcg.io/sv4pt5/243_hires.png
2024/01/26,Scarlet & Violet,Paldean Fates,Ting-Lu ex,244,Hyper Rare,$6.47,https://images.pokemontcg.io/sv4pt5/244_hires.png
2024/01/26,Scarlet & Violet,Paldean Fates,Koraidon ex,245,Hyper Rare,$13.19,https://images.pokemontcg.io/sv4pt5/245_hires.png
2024/03/22,Scarlet & Violet,Temporal Forces,Shiftry,163,Illustration Rare,$12.63,https://images.pokemontcg.io/sv5/163_hires.png
2024/03/22,Scarlet & Violet,Temporal Forces,Grotle,164,Illustration Rare,$17.25,https://images.pokemontcg.io/sv5/164_hires.png
2024/03/22,Scarlet & Violet,Temporal Forces,Deerling,165,Illustration Rare,$45.50,https://images.pokemontcg.io/sv5/165_hires.png
2024/03/22,Scarlet & Violet,Temporal Forces,Sawsbuck,166,Illustration Rare,$59.25,https://images.pokemontcg.io/sv5/166_hires.png
2024/03/22,Scarlet & Violet,Temporal Forces,Litten,167,Illustration Rare,$41.99,https://images.pokemontcg.io/sv5/167_hires.png
2024/03/22,Scarlet & Violet,Temporal Forces,Snom,168,Illustration Rare,$17.92,https://images.pokemontcg.io/sv5/168_hires.png
2024/03/22,Scarlet & Violet,Temporal Forces,Charjabug,169,Illustration Rare,$9.06,https://images.pokemontcg.io/sv5/169_hires.png
2024/03/22,Scarlet & Violet,Temporal Forces,Bronzor,170,Illustration Rare,$8.47,https://images.pokemontcg.io/sv5/170_hires.png
2024/03/22,Scarlet & Violet,Temporal Forces,Reuniclus,171,Illustration Rare,$16.90,https://images.pokemontcg.io/sv5/171_hires.png
2024/03/22,Scarlet & Violet,Temporal Forces,Cutiefly,172,Illustration Rare,$8.97,https://images.pokemontcg.io/sv5/172_hires.png
2024/03/22,Scarlet & Violet,Temporal Forces,Relicanth,173,Illustration Rare,$11.73,https://images.pokemontcg.io/sv5/173_hires.png
2024/03/22,Scarlet & Violet,Temporal Forces,Excadrill,174,Illustration Rare,$11.79,https://images.pokemontcg.io/sv5/174_hires.png
2024/03/22,Scarlet & Violet,Temporal Forces,Mudsdale,175,Illustration Rare,$10.05,https://images.pokemontcg.io/sv5/175_hires.png
2024/03/22,Scarlet & Violet,Temporal Forces,Arbok,176,Illustration Rare,$32.14,https://images.pokemontcg.io/sv5/176_hires.png
2024/03/22,Scarlet & Violet,Temporal Forces,Gastly,177,Illustration Rare,$102.25,https://images.pokemontcg.io/sv5/177_hires.png
2024/03/22,Scarlet & Violet,Temporal Forces,Metagross,178,Illustration Rare,$39.95,https://images.pokemontcg.io/sv5/178_hires.png
2024/03/22,Scarlet & Violet,Temporal Forces,Meltan,179,Illustration Rare,$6.70,https://images.pokemontcg.io/sv5/179_hires.png
2024/03/22,Scarlet & Violet,Temporal Forces,Lickitung,180,Illustration Rare,$30.85,https://images.pokemontcg.io/sv5/180_hires.png
2024/03/22,Scarlet & Violet,Temporal Forces,Chatot,181,Illustration Rare,$11.97,https://images.pokemontcg.io/sv5/181_hires.png
2024/03/22,Scarlet & Violet,Temporal Forces,Minccino,182,Illustration Rare,$27.97,https://images.pokemontcg.io/sv5/182_hires.png
2024/03/22,Scarlet & Violet,Temporal Forces,Cinccino,183,Illustration Rare,$44.33,https://images.pokemontcg.io/sv5/183_hires.png
2024/03/22,Scarlet & Violet,Temporal Forces,Drampa,184,Illustration Rare,$31.97,https://images.pokemontcg.io/sv5/184_hires.png
2024/03/22,Scarlet & Violet,Temporal Forces,Iron Leaves ex,203,Special Illustration Rare,$37.78,https://images.pokemontcg.io/sv5/203_hires.png
2024/03/22,Scarlet & Violet,Temporal Forces,Gouging Fire ex,204,Special Illustration Rare,$58.03,https://images.pokemontcg.io/sv5/204_hires.png
2024/03/22,Scarlet & Violet,Temporal Forces,Walking Wake ex,205,Special Illustration Rare,$58.73,https://images.pokemontcg.io/sv5/205_hires.png
2024/03/22,Scarlet & Violet,Temporal Forces,Iron Crown ex,206,Special Illustration Rare,$55.48,https://images.pokemontcg.io/sv5/206_hires.png
2024/03/22,Scarlet & Violet,Temporal Forces,Iron Boulder ex,207,Special Illustration Rare,$27.88,https://images.pokemontcg.io/sv5/207_hires.png
2024/03/22,Scarlet & Violet,Temporal Forces,Raging Bolt ex,208,Special Illustration Rare,$72.27,https://images.pokemontcg.io/sv5/208_hires.png
2024/03/22,Scarlet & Violet,Temporal Forces,Bianca's Devotion,209,Special Illustration Rare,$29.26,https://images.pokemontcg.io/sv5/209_hires.png
2024/03/22,Scarlet & Violet,Temporal Forces,Eri,210,Special Illustration Rare,$18.27,https://images.pokemontcg.io/sv5/210_hires.png
2024/03/22,Scarlet & Violet,Temporal Forces,Morty's Conviction,211,Special Illustration Rare,$75.81,https://images.pokemontcg.io/sv5/211_hires.png
2024/03/22,Scarlet & Violet,Temporal Forces,Salvatore,212,Special Illustration Rare,$19.06,https://images.pokemontcg.io/sv5/212_hires.png
2024/03/22,Scarlet & Violet,Temporal Forces,Iron Leaves ex,213,Hyper Rare,$8.67,https://images.pokemontcg.io/sv5/213_hires.png
2024/03/22,Scarlet & Violet,Temporal Forces,Gouging Fire ex,214,Hyper Rare,$16.02,https://images.pokemontcg.io/sv5/214_hires.png
2024/03/22,Scarlet & Violet,Temporal Forces,Walking Wake ex,215,Hyper Rare,$11.76,https://images.pokemontcg.io/sv5/215_hires.png
2024/03/22,Scarlet & Violet,Temporal Forces,Iron Crown ex,216,Hyper Rare,$8.57,https://images.pokemontcg.io/sv5/216_hires.png
2024/03/22,Scarlet & Violet,Temporal Forces,Iron Boulder ex,217,Hyper Rare,$8.42,https://images.pokemontcg.io/sv5/217_hires.png
2024/03/22,Scarlet & Violet,Temporal Forces,Raging Bolt ex,218,Hyper Rare,$13.32,https://images.pokemontcg.io/sv5/218_hires.png
2024/05/24,Scarlet & Violet,Twilight Masquerade,Pinsir,168,Illustration Rare,$16.06,https://images.pokemontcg.io/sv6/168_hires.png
2024/05/24,Scarlet & Violet,Twilight Masquerade,Sunflora,169,Illustration Rare,$9.07,https://images.pokemontcg.io/sv6/169_hires.png
2024/05/24,Scarlet & Violet,Twilight Masquerade,Dipplin,170,Illustration Rare,$12.50,https://images.pokemontcg.io/sv6/170_hires.png
2024/05/24,Scarlet & Violet,Twilight Masquerade,Poltchageist,171,Illustration Rare,$6.18,https://images.pokemontcg.io/sv6/171_hires.png
2024/05/24,Scarlet & Violet,Twilight Masquerade,Torkoal,172,Illustration Rare,$7.33,https://images.pokemontcg.io/sv6/172_hires.png
2024/05/24,Scarlet & Violet,Twilight Masquerade,Infernape,173,Illustration Rare,$15.54,https://images.pokemontcg.io/sv6/173_hires.png
2024/05/24,Scarlet & Violet,Twilight Masquerade,Froslass,174,Illustration Rare,$8.92,https://images.pokemontcg.io/sv6/174_hires.png
2024/05/24,Scarlet & Violet,Twilight Masquerade,Phione,175,Illustration Rare,$12.48,https://images.pokemontcg.io/sv6/175_hires.png
2024/05/24,Scarlet & Violet,Twilight Masquerade,Cramorant,176,Illustration Rare,$5.36,https://images.pokemontcg.io/sv6/176_hires.png
2024/05/24,Scarlet & Violet,Twilight Masquerade,Heliolisk,177,Illustration Rare,$5.47,https://images.pokemontcg.io/sv6/177_hires.png
2024/05/24,Scarlet & Violet,Twilight Masquerade,Wattrel,178,Illustration Rare,$5.51,https://images.pokemontcg.io/sv6/178_hires.png
2024/05/24,Scarlet & Violet,Twilight Masquerade,Chimecho,179,Illustration Rare,$6.08,https://images.pokemontcg.io/sv6/179_hires.png
2024/05/24,Scarlet & Violet,Twilight Masquerade,Enamorus,180,Illustration Rare,$6.79,https://images.pokemontcg.io/sv6/180_hires.png
2024/05/24,Scarlet & Violet,Twilight Masquerade,Hisuian Growlithe,181,Illustration Rare,$30.96,https://images.pokemontcg.io/sv6/181_hires.png
2024/05/24,Scarlet & Violet,Twilight Masquerade,Probopass,182,Illustration Rare,$4.97,https://images.pokemontcg.io/sv6/182_hires.png
2024/05/24,Scarlet & Violet,Twilight Masquerade,Timburr,183,Illustration Rare,$7.34,https://images.pokemontcg.io/sv6/183_hires.png
2024/05/24,Scarlet & Violet,Twilight Masquerade,Lairon,184,Illustration Rare,$6.19,https://images.pokemontcg.io/sv6/184_hires.png
2024/05/24,Scarlet & Violet,Twilight Masquerade,Applin,185,Illustration Rare,$13.86,https://images.pokemontcg.io/sv6/185_hires.png
2024/05/24,Scarlet & Violet,Twilight Masquerade,Tatsugiri,186,Illustration Rare,$22.52,https://images.pokemontcg.io/sv6/186_hires.png
2024/05/24,Scarlet & Violet,Twilight Masquerade,Chansey,187,Illustration Rare,$56.83,https://images.pokemontcg.io/sv6/187_hires.png
2024/05/24,Scarlet & Violet,Twilight Masquerade,Eevee,188,Illustration Rare,$98.03,https://images.pokemontcg.io/sv6/188_hires.png
2024/05/24,Scarlet & Violet,Twilight Masquerade,Sinistcha ex,210,Special Illustration Rare,$33.29,https://images.pokemontcg.io/sv6/210_hires.png
2024/05/24,Scarlet & Violet,Twilight Masquerade,Teal Mask Ogerpon ex,211,Special Illustration Rare,$26.08,https://images.pokemontcg.io/sv6/211_hires.png
2024/05/24,Scarlet & Violet,Twilight Masquerade,Hearthflame Mask Ogerpon ex,212,Special Illustration Rare,$13.16,https://images.pokemontcg.io/sv6/212_hires.png
2024/05/24,Scarlet & Violet,Twilight Masquerade,Wellspring Mask Ogerpon ex,213,Special Illustration Rare,$18.03,https://images.pokemontcg.io/sv6/213_hires.png
2024/05/24,Scarlet & Violet,Twilight Masquerade,Greninja ex,214,Special Illustration Rare,$396.94,https://images.pokemontcg.io/sv6/214_hires.png
2024/05/24,Scarlet & Violet,Twilight Masquerade,Cornerstone Mask Ogerpon ex,215,Special Illustration Rare,$15.72,https://images.pokemontcg.io/sv6/215_hires.png
2024/05/24,Scarlet & Violet,Twilight Masquerade,Bloodmoon Ursaluna ex,216,Special Illustration Rare,$47.85,https://images.pokemontcg.io/sv6/216_hires.png
2024/05/24,Scarlet & Violet,Twilight Masquerade,Carmine,217,Special Illustration Rare,$64.60,https://images.pokemontcg.io/sv6/217_hires.png
2024/05/24,Scarlet & Violet,Twilight Masquerade,Kieran,218,Special Illustration Rare,$28.51,https://images.pokemontcg.io/sv6/218_hires.png
2024/05/24,Scarlet & Violet,Twilight Masquerade,Lana's Aid,219,Special Illustration Rare,$41.84,https://images.pokemontcg.io/sv6/219_hires.png
2024/05/24,Scarlet & Violet,Twilight Masquerade,Perrin,220,Special Illustration Rare,$178.54,https://images.pokemontcg.io/sv6/220_hires.png
2024/05/24,Scarlet & Violet,Twilight Masquerade,Teal Mask Ogerpon ex,221,Hyper Rare,$10.52,https://images.pokemontcg.io/sv6/221_hires.png
2024/05/24,Scarlet & Violet,Twilight Masquerade,Bloodmoon Ursaluna ex,222,Hyper Rare,$10.32,https://images.pokemontcg.io/sv6/222_hires.png
2024/05/24,Scarlet & Violet,Twilight Masquerade,Buddy-Buddy Poffin,223,Hyper Rare,$13.36,https://images.pokemontcg.io/sv6/223_hires.png
2024/05/24,Scarlet & Violet,Twilight Masquerade,Enhanced Hammer,224,Hyper Rare,$5.82,https://images.pokemontcg.io/sv6/224_hires.png
2024/05/24,Scarlet & Violet,Twilight Masquerade,Rescue Board,225,Hyper Rare,$3.31,https://images.pokemontcg.io/sv6/225_hires.png
2024/05/24,Scarlet & Violet,Twilight Masquerade,Luminous Energy,226,Hyper Rare,$5.54,https://images.pokemontcg.io/sv6/226_hires.png
2024/08/02,Scarlet & Violet,Shrouded Fable,Tapu Bulu,65,Illustration Rare,$13.65,https://images.pokemontcg.io/sv6pt5/65_hires.png
2024/08/02,Scarlet & Violet,Shrouded Fable,Houndoom,66,Illustration Rare,$55.85,https://images.pokemontcg.io/sv6pt5/66_hires.png
2024/08/02,Scarlet & Violet,Shrouded Fable,Horsea,67,Illustration Rare,$50.68,https://images.pokemontcg.io/sv6pt5/67_hires.png
2024/08/02,Scarlet & Violet,Shrouded Fable,Duskull,68,Illustration Rare,$61.40,https://images.pokemontcg.io/sv6pt5/68_hires.png
2024/08/02,Scarlet & Violet,Shrouded Fable,Dusclops,69,Illustration Rare,$45.77,https://images.pokemontcg.io/sv6pt5/69_hires.png
2024/08/02,Scarlet & Violet,Shrouded Fable,Dusknoir,70,Illustration Rare,$34.72,https://images.pokemontcg.io/sv6pt5/70_hires.png
2024/08/02,Scarlet & Violet,Shrouded Fable,Cresselia,71,Illustration Rare,$28.49,https://images.pokemontcg.io/sv6pt5/71_hires.png
2024/08/02,Scarlet & Violet,Shrouded Fable,Munkidori,72,Illustration Rare,$41.98,https://images.pokemontcg.io/sv6pt5/72_hires.png
2024/08/02,Scarlet & Violet,Shrouded Fable,Fezandipiti,73,Illustration Rare,$15.69,https://images.pokemontcg.io/sv6pt5/73_hires.png
2024/08/02,Scarlet & Violet,Shrouded Fable,Okidogi,74,Illustration Rare,$17.63,https://images.pokemontcg.io/sv6pt5/74_hires.png
2024/08/02,Scarlet & Violet,Shrouded Fable,Zorua,75,Illustration Rare,$28.11,https://images.pokemontcg.io/sv6pt5/75_hires.png
2024/08/02,Scarlet & Violet,Shrouded Fable,Cufant,76,Illustration Rare,$16.17,https://images.pokemontcg.io/sv6pt5/76_hires.png
2024/08/02,Scarlet & Violet,Shrouded Fable,Fraxure,77,Illustration Rare,$19.06,https://images.pokemontcg.io/sv6pt5/77_hires.png
2024/08/02,Scarlet & Violet,Shrouded Fable,Persian,78,Illustration Rare,$75.29,https://images.pokemontcg.io/sv6pt5/78_hires.png
2024/08/02,Scarlet & Violet,Shrouded Fable,Bewear,79,Illustration Rare,$30.75,https://images.pokemontcg.io/sv6pt5/79_hires.png
2024/08/02,Scarlet & Violet,Shrouded Fable,Okidogi ex,90,Special Illustration Rare,$21.32,https://images.pokemontcg.io/sv6pt5/90_hires.png
2024/08/02,Scarlet & Violet,Shrouded Fable,Munkidori ex,91,Special Illustration Rare,$20.17,https://images.pokemontcg.io/sv6pt5/91_hires.png
2024/08/02,Scarlet & Violet,Shrouded Fable,Fezandipiti ex,92,Special Illustration Rare,$42.37,https://images.pokemontcg.io/sv6pt5/92_hires.png
2024/08/02,Scarlet & Violet,Shrouded Fable,Pecharunt ex,93,Special Illustration Rare,$26.74,https://images.pokemontcg.io/sv6pt5/93_hires.png
2024/08/02,Scarlet & Violet,Shrouded Fable,Cassiopeia,94,Special Illustration Rare,$42.12,https://images.pokemontcg.io/sv6pt5/94_hires.png
2024/08/02,Scarlet & Violet,Shrouded Fable,Pecharunt ex,95,Hyper Rare,$21.50,https://images.pokemontcg.io/sv6pt5/95_hires.png
2024/08/02,Scarlet & Violet,Shrouded Fable,Earthen Vessel,96,Hyper Rare,$19.67,https://images.pokemontcg.io/sv6pt5/96_hires.png
2024/08/02,Scarlet & Violet,Shrouded Fable,Powerglass,97,Hyper Rare,$22.78,https://images.pokemontcg.io/sv6pt5/97_hires.png
2024/08/02,Scarlet & Violet,Shrouded Fable,Basic Darkness Energy,98,Hyper Rare,$68.37,https://images.pokemontcg.io/sv6pt5/98_hires.png
2024/08/02,Scarlet & Violet,Shrouded Fable,Basic Metal Energy,99,Hyper Rare,$34.34,https://images.pokemontcg.io/sv6pt5/99_hires.png
2024/09/13,Scarlet & Violet,Stellar Crown,Bulbasaur,143,Illustration Rare,$118.39,https://images.pokemontcg.io/sv7/143_hires.png
2024/09/13,Scarlet & Violet,Stellar Crown,Ledian,144,Illustration Rare,$7.97,https://images.pokemontcg.io/sv7/144_hires.png
2024/09/13,Scarlet & Violet,Stellar Crown,Lileep,145,Illustration Rare,$9.37,https://images.pokemontcg.io/sv7/145_hires.png
2024/09/13,Scarlet & Violet,Stellar Crown,Turtonator,146,Illustration Rare,$4.78,https://images.pokemontcg.io/sv7/146_hires.png
2024/09/13,Scarlet & Violet,Stellar Crown,Raboot,147,Illustration Rare,$8.26,https://images.pokemontcg.io/sv7/147_hires.png
2024/09/13,Scarlet & Violet,Stellar Crown,Squirtle,148,Illustration Rare,$120.50,https://images.pokemontcg.io/sv7/148_hires.png
2024/09/13,Scarlet & Violet,Stellar Crown,Crabominable,149,Illustration Rare,$3.06,https://images.pokemontcg.io/sv7/149_hires.png
2024/09/13,Scarlet & Violet,Stellar Crown,Joltik,150,Illustration Rare,$8.56,https://images.pokemontcg.io/sv7/150_hires.png
2024/09/13,Scarlet & Violet,Stellar Crown,Zeraora,151,Illustration Rare,$14.50,https://images.pokemontcg.io/sv7/151_hires.png
2024/09/13,Scarlet & Violet,Stellar Crown,Milcery,152,Illustration Rare,$19.47,https://images.pokemontcg.io/sv7/152_hires.png
2024/09/13,Scarlet & Violet,Stellar Crown,Meditite,153,Illustration Rare,$7.87,https://images.pokemontcg.io/sv7/153_hires.png
2024/09/13,Scarlet & Violet,Stellar Crown,Gulpin,154,Illustration Rare,$14.06,https://images.pokemontcg.io/sv7/154_hires.png
2024/09/13,Scarlet & Violet,Stellar Crown,Archaludon,155,Illustration Rare,$4.07,https://images.pokemontcg.io/sv7/155_hires.png
2024/09/13,Scarlet & Violet,Stellar Crown,Hydrapple ex,167,Special Illustration Rare,$38.90,https://images.pokemontcg.io/sv7/167_hires.png
2024/09/13,Scarlet & Violet,Stellar Crown,Galvantula ex,168,Special Illustration Rare,$19.29,https://images.pokemontcg.io/sv7/168_hires.png
2024/09/13,Scarlet & Violet,Stellar Crown,Dachsbun ex,169,Special Illustration Rare,$73.92,https://images.pokemontcg.io/sv7/169_hires.png
2024/09/13,Scarlet & Violet,Stellar Crown,Terapagos ex,170,Special Illustration Rare,$40.10,https://images.pokemontcg.io/sv7/170_hires.png
2024/09/13,Scarlet & Violet,Stellar Crown,Briar,171,Special Illustration Rare,$11.98,https://images.pokemontcg.io/sv7/171_hires.png
2024/09/13,Scarlet & Violet,Stellar Crown,Lacey,172,Special Illustration Rare,$19.11,https://images.pokemontcg.io/sv7/172_hires.png
2024/09/13,Scarlet & Violet,Stellar Crown,Terapagos ex,173,Hyper Rare,$12.08,https://images.pokemontcg.io/sv7/173_hires.png
2024/09/13,Scarlet & Violet,Stellar Crown,Area Zero Underdepths,174,Hyper Rare,$11.88,https://images.pokemontcg.io/sv7/174_hires.png
2024/09/13,Scarlet & Violet,Stellar Crown,Bravery Charm,175,Hyper Rare,$5.11,https://images.pokemontcg.io/sv7/175_hires.png
2024/11/08,Scarlet & Violet,Surging Sparks,Exeggcute,192,Illustration Rare,$8.58,https://images.pokemontcg.io/sv8/192_hires.png
2024/11/08,Scarlet & Violet,Surging Sparks,Vivillon,193,Illustration Rare,$6.01,https://images.pokemontcg.io/sv8/193_hires.png
2024/11/08,Scarlet & Violet,Surging Sparks,Shiinotic,194,Illustration Rare,$3.77,https://images.pokemontcg.io/sv8/194_hires.png
2024/11/08,Scarlet & Violet,Surging Sparks,Castform Sunny Form,195,Illustration Rare,$7.94,https://images.pokemontcg.io/sv8/195_hires.png
2024/11/08,Scarlet & Violet,Surging Sparks,Larvesta,196,Illustration Rare,$2.63,https://images.pokemontcg.io/sv8/196_hires.png
2024/11/08,Scarlet & Violet,Surging Sparks,Ceruledge,197,Illustration Rare,$24.13,https://images.pokemontcg.io/sv8/197_hires.png
2024/11/08,Scarlet & Violet,Surging Sparks,Feebas,198,Illustration Rare,$10.74,https://images.pokemontcg.io/sv8/198_hires.png
2024/11/08,Scarlet & Violet,Surging Sparks,Spheal,199,Illustration Rare,$10.64,https://images.pokemontcg.io/sv8/199_hires.png
2024/11/08,Scarlet & Violet,Surging Sparks,Bruxish,200,Illustration Rare,$2.93,https://images.pokemontcg.io/sv8/200_hires.png
2024/11/08,Scarlet & Violet,Surging Sparks,Cetitan,201,Illustration Rare,$2.98,https://images.pokemontcg.io/sv8/201_hires.png
2024/11/08,Scarlet & Violet,Surging Sparks,Stunfisk,202,Illustration Rare,$2.00,https://images.pokemontcg.io/sv8/202_hires.png
2024/11/08,Scarlet & Violet,Surging Sparks,Latios,203,Illustration Rare,$37.63,https://images.pokemontcg.io/sv8/203_hires.png
2024/11/08,Scarlet & Violet,Surging Sparks,Mesprit,204,Illustration Rare,$13.59,https://images.pokemontcg.io/sv8/204_hires.png
2024/11/08,Scarlet & Violet,Surging Sparks,Phanpy,205,Illustration Rare,$9.39,https://images.pokemontcg.io/sv8/205_hires.png
2024/11/08,Scarlet & Violet,Surging Sparks,Vibrava,206,Illustration Rare,$4.28,https://images.pokemontcg.io/sv8/206_hires.png
2024/11/08,Scarlet & Violet,Surging Sparks,Clobbopus,207,Illustration Rare,$7.56,https://images.pokemontcg.io/sv8/207_hires.png
2024/11/08,Scarlet & Violet,Surging Sparks,Alolan Dugtrio,208,Illustration Rare,$10.30,https://images.pokemontcg.io/sv8/208_hires.png
2024/11/08,Scarlet & Violet,Surging Sparks,Skarmory,209,Illustration Rare,$10.74,https://images.pokemontcg.io/sv8/209_hires.png
2024/11/08,Scarlet & Violet,Surging Sparks,Flapple,210,Illustration Rare,$4.40,https://images.pokemontcg.io/sv8/210_hires.png
2024/11/08,Scarlet & Violet,Surging Sparks,Appletun,211,Illustration Rare,$7.64,https://images.pokemontcg.io/sv8/211_hires.png
2024/11/08,Scarlet & Violet,Surging Sparks,Slakoth,212,Illustration Rare,$14.01,https://images.pokemontcg.io/sv8/212_hires.png
2024/11/08,Scarlet & Violet,Surging Sparks,Kecleon,213,Illustration Rare,$8.93,https://images.pokemontcg.io/sv8/213_hires.png
2024/11/08,Scarlet & Violet,Surging Sparks,Braviary,214,Illustration Rare,$5.23,https://images.pokemontcg.io/sv8/214_hires.png
2024/11/08,Scarlet & Violet,Surging Sparks,Durant ex,236,Special Illustration Rare,$38.61,https://images.pokemontcg.io/sv8/236_hires.png
2024/11/08,Scarlet & Violet,Surging Sparks,Milotic ex,237,Special Illustration Rare,$134.54,https://images.pokemontcg.io/sv8/237_hires.png
2024/11/08,Scarlet & Violet,Surging Sparks,Pikachu ex,238,Special Illustration Rare,$357.04,https://images.pokemontcg.io/sv8/238_hires.png
2024/11/08,Scarlet & Violet,Surging Sparks,Latias ex,239,Special Illustration Rare,$196.52,https://images.pokemontcg.io/sv8/239_hires.png
2024/11/08,Scarlet & Violet,Surging Sparks,Hydreigon ex,240,Special Illustration Rare,$41.47,https://images.pokemontcg.io/sv8/240_hires.png
2024/11/08,Scarlet & Violet,Surging Sparks,Archaludon ex,241,Special Illustration Rare,$12.89,https://images.pokemontcg.io/sv8/241_hires.png
2024/11/08,Scarlet & Violet,Surging Sparks,Alolan Exeggutor ex,242,Special Illustration Rare,$33.81,https://images.pokemontcg.io/sv8/242_hires.png
2024/11/08,Scarlet & Violet,Surging Sparks,Clemont's Quick Wit,243,Special Illustration Rare,$9.07,https://images.pokemontcg.io/sv8/243_hires.png
2024/11/08,Scarlet & Violet,Surging Sparks,Drayton,244,Special Illustration Rare,$8.08,https://images.pokemontcg.io/sv8/244_hires.png
2024/11/08,Scarlet & Violet,Surging Sparks,Jasmine's Gaze,245,Special Illustration Rare,$23.19,https://images.pokemontcg.io/sv8/245_hires.png
2024/11/08,Scarlet & Violet,Surging Sparks,Lisia's Appeal,246,Special Illustration Rare,$29.73,https://images.pokemontcg.io/sv8/246_hires.png
2024/11/08,Scarlet & Violet,Surging Sparks,Pikachu ex,247,Hyper Rare,$93.77,https://images.pokemontcg.io/sv8/247_hires.png
2024/11/08,Scarlet & Violet,Surging Sparks,Alolan Exeggutor ex,248,Hyper Rare,$11.36,https://images.pokemontcg.io/sv8/248_hires.png
2024/11/08,Scarlet & Violet,Surging Sparks,Counter Gain,249,Hyper Rare,$3.48,https://images.pokemontcg.io/sv8/249_hires.png
2024/11/08,Scarlet & Violet,Surging Sparks,Gravity Mountain,250,Hyper Rare,$10.80,https://images.pokemontcg.io/sv8/250_hires.png
2024/11/08,Scarlet & Violet,Surging Sparks,Night Stretcher,251,Hyper Rare,$10.03,https://images.pokemontcg.io/sv8/251_hires.png
2024/11/08,Scarlet & Violet,Surging Sparks,Jet Energy,252,Hyper Rare,$5.27,https://images.pokemontcg.io/sv8/252_hires.png
2025/01/17,Scarlet & Violet,Prismatic Evolutions,Leafeon ex,144,Special Illustration Rare,$334.86,https://images.pokemontcg.io/sv8pt5/144_hires.png
2025/01/17,Scarlet & Violet,Prismatic Evolutions,Teal Mask Ogerpon ex,145,Special Illustration Rare,$23.80,https://images.pokemontcg.io/sv8pt5/145_hires.png
2025/01/17,Scarlet & Violet,Prismatic Evolutions,Flareon ex,146,Special Illustration Rare,$225.86,https://images.pokemontcg.io/sv8pt5/146_hires.png
2025/01/17,Scarlet & Violet,Prismatic Evolutions,Ceruledge ex,147,Special Illustration Rare,$102.94,https://images.pokemontcg.io/sv8pt5/147_hires.png
2025/01/17,Scarlet & Violet,Prismatic Evolutions,Hearthflame Mask Ogerpon ex,148,Special Illustration Rare,$20.29,https://images.pokemontcg.io/sv8pt5/148_hires.png
2025/01/17,Scarlet & Violet,Prismatic Evolutions,Vaporeon ex,149,Special Illustration Rare,$310.78,https://images.pokemontcg.io/sv8pt5/149_hires.png
2025/01/17,Scarlet & Violet,Prismatic Evolutions,Glaceon ex,150,Special Illustration Rare,$296.24,https://images.pokemontcg.io/sv8pt5/150_hires.png
2025/01/17,Scarlet & Violet,Prismatic Evolutions,Palafin ex,151,Special Illustration Rare,$47.33,https://images.pokemontcg.io/sv8pt5/151_hires.png
2025/01/17,Scarlet & Violet,Prismatic Evolutions,Wellspring Mask Ogerpon ex,152,Special Illustration Rare,$18.05,https://images.pokemontcg.io/sv8pt5/152_hires.png
2025/01/17,Scarlet & Violet,Prismatic Evolutions,Jolteon ex,153,Special Illustration Rare,$208.67,https://images.pokemontcg.io/sv8pt5/153_hires.png
2025/01/17,Scarlet & Violet,Prismatic Evolutions,Iron Hands ex,154,Special Illustration Rare,$35.04,https://images.pokemontcg.io/sv8pt5/154_hires.png
2025/01/17,Scarlet & Violet,Prismatic Evolutions,Espeon ex,155,Special Illustration Rare,$320.36,https://images.pokemontcg.io/sv8pt5/155_hires.png
2025/01/17,Scarlet & Violet,Prismatic Evolutions,Sylveon ex,156,Special Illustration Rare,$558.57,https://images.pokemontcg.io/sv8pt5/156_hires.png
2025/01/17,Scarlet & Violet,Prismatic Evolutions,Iron Valiant ex,157,Special Illustration Rare,$61.34,https://images.pokemontcg.io/sv8pt5/157_hires.png
2025/01/17,Scarlet & Violet,Prismatic Evolutions,Iron Crown ex,158,Special Illustration Rare,$39.03,https://images.pokemontcg.io/sv8pt5/158_hires.png
2025/01/17,Scarlet & Violet,Prismatic Evolutions,Sandy Shocks ex,159,Special Illustration Rare,$26.41,https://images.pokemontcg.io/sv8pt5/159_hires.png
2025/01/17,Scarlet & Violet,Prismatic Evolutions,Cornerstone Mask Ogerpon ex,160,Special Illustration Rare,$16.61,https://images.pokemontcg.io/sv8pt5/160_hires.png
2025/01/17,Scarlet & Violet,Prismatic Evolutions,Umbreon ex,161,Special Illustration Rare,$1503.91,https://images.pokemontcg.io/sv8pt5/161_hires.png
2025/01/17,Scarlet & Violet,Prismatic Evolutions,Roaring Moon ex,162,Special Illustration Rare,$180.57,https://images.pokemontcg.io/sv8pt5/162_hires.png
2025/01/17,Scarlet & Violet,Prismatic Evolutions,Pecharunt ex,163,Special Illustration Rare,$30.22,https://images.pokemontcg.io/sv8pt5/163_hires.png
2025/01/17,Scarlet & Violet,Prismatic Evolutions,Gholdengo ex,164,Special Illustration Rare,$53.70,https://images.pokemontcg.io/sv8pt5/164_hires.png
2025/01/17,Scarlet & Violet,Prismatic Evolutions,Dragapult ex,165,Special Illustration Rare,$126.06,https://images.pokemontcg.io/sv8pt5/165_hires.png
2025/01/17,Scarlet & Violet,Prismatic Evolutions,Raging Bolt ex,166,Special Illustration Rare,$70.96,https://images.pokemontcg.io/sv8pt5/166_hires.png
2025/01/17,Scarlet & Violet,Prismatic Evolutions,Eevee ex,167,Special Illustration Rare,$189.83,https://images.pokemontcg.io/sv8pt5/167_hires.png
2025/01/17,Scarlet & Violet,Prismatic Evolutions,Bloodmoon Ursaluna ex,168,Special Illustration Rare,$70.91,https://images.pokemontcg.io/sv8pt5/168_hires.png
2025/01/17,Scarlet & Violet,Prismatic Evolutions,Terapagos ex,169,Special Illustration Rare,$39.30,https://images.pokemontcg.io/sv8pt5/169_hires.png
2025/01/17,Scarlet & Violet,Prismatic Evolutions,Amarys,170,Special Illustration Rare,$15.36,https://images.pokemontcg.io/sv8pt5/170_hires.png
2025/01/17,Scarlet & Violet,Prismatic Evolutions,Crispin,171,Special Illustration Rare,$37.42,https://images.pokemontcg.io/sv8pt5/171_hires.png
2025/01/17,Scarlet & Violet,Prismatic Evolutions,Drayton,172,Special Illustration Rare,$16.34,https://images.pokemontcg.io/sv8pt5/172_hires.png
2025/01/17,Scarlet & Violet,Prismatic Evolutions,Janine's Secret Art,173,Special Illustration Rare,$26.66,https://images.pokemontcg.io/sv8pt5/173_hires.png
2025/01/17,Scarlet & Violet,Prismatic Evolutions,Kieran,174,Special Illustration Rare,$18.74,https://images.pokemontcg.io/sv8pt5/174_hires.png
2025/01/17,Scarlet & Violet,Prismatic Evolutions,Lacey,175,Special Illustration Rare,$29.81,https://images.pokemontcg.io/sv8pt5/175_hires.png
2025/01/17,Scarlet & Violet,Prismatic Evolutions,Iron Leaves ex,176,Hyper Rare,$6.38,https://images.pokemontcg.io/sv8pt5/176_hires.png
2025/01/17,Scarlet & Violet,Prismatic Evolutions,Teal Mask Ogerpon ex,177,Hyper Rare,$10.64,https://images.pokemontcg.io/sv8pt5/177_hires.png
2025/01/17,Scarlet & Violet,Prismatic Evolutions,Walking Wake ex,178,Hyper Rare,$7.21,https://images.pokemontcg.io/sv8pt5/178_hires.png
2025/01/17,Scarlet & Violet,Prismatic Evolutions,Pikachu ex,179,Hyper Rare,$74.20,https://images.pokemontcg.io/sv8pt5/179_hires.png
2025/01/17,Scarlet & Violet,Prismatic Evolutions,Terapagos ex,180,Hyper Rare,$10.45,https://images.pokemontcg.io/sv8pt5/180_hires.png
2025/03/28,Scarlet & Violet,Journey Together,Maractus,160,Illustration Rare,$2.39,https://images.pokemontcg.io/sv9/160_hires.png
2025/03/28,Scarlet & Violet,Journey Together,Articuno,161,Illustration Rare,$23.34,https://images.pokemontcg.io/sv9/161_hires.png
2025/03/28,Scarlet & Violet,Journey Together,Wailord,162,Illustration Rare,$15.36,https://images.pokemontcg.io/sv9/162_hires.png
2025/03/28,Scarlet & Violet,Journey Together,Iono's Kilowattrel,163,Illustration Rare,$5.58,https://images.pokemontcg.io/sv9/163_hires.png
2025/03/28,Scarlet & Violet,Journey Together,Lillie's Ribombee,164,Illustration Rare,$6.36,https://images.pokemontcg.io/sv9/164_hires.png
2025/03/28,Scarlet & Violet,Journey Together,Swinub,165,Illustration Rare,$3.58,https://images.pokemontcg.io/sv9/165_hires.png
2025/03/28,Scarlet & Violet,Journey Together,Lycanroc,166,Illustration Rare,$3.00,https://images.pokemontcg.io/sv9/166_hires.png
2025/03/28,Scarlet & Violet,Journey Together,N's Reshiram,167,Illustration Rare,$20.69,https://images.pokemontcg.io/sv9/167_hires.png
2025/03/28,Scarlet & Violet,Journey Together,Furret,168,Illustration Rare,$9.49,https://images.pokemontcg.io/sv9/168_hires.png
2025/03/28,Scarlet & Violet,Journey Together,Noibat,169,Illustration Rare,$6.55,https://images.pokemontcg.io/sv9/169_hires.png
2025/03/28,Scarlet & Violet,Journey Together,Hop's Wooloo,170,Illustration Rare,$5.84,https://images.pokemontcg.io/sv9/170_hires.png
2025/03/28,Scarlet & Violet,Journey Together,Volcanion ex,182,Special Illustration Rare,$20.55,https://images.pokemontcg.io/sv9/182_hires.png
2025/03/28,Scarlet & Violet,Journey Together,Iono's Bellibolt ex,183,Special Illustration Rare,$41.64,https://images.pokemontcg.io/sv9/183_hires.png
2025/03/28,Scarlet & Violet,Journey Together,Lillie's Clefairy ex,184,Special Illustration Rare,$127.62,https://images.pokemontcg.io/sv9/184_hires.png
2025/03/28,Scarlet & Violet,Journey Together,N's Zoroark ex,185,Special Illustration Rare,$49.14,https://images.pokemontcg.io/sv9/185_hires.png
2025/03/28,Scarlet & Violet,Journey Together,Hop's Zacian ex,186,Special Illustration Rare,$38.46,https://images.pokemontcg.io/sv9/186_hires.png
2025/03/28,Scarlet & Violet,Journey Together,Salamence ex,187,Special Illustration Rare,$63.47,https://images.pokemontcg.io/sv9/187_hires.png
2025/03/28,Scarlet & Violet,Journey Together,Iono's Bellibolt ex,188,Hyper Rare,$19.17,https://images.pokemontcg.io/sv9/188_hires.png
2025/03/28,Scarlet & Violet,Journey Together,N's Zoroark ex,189,Hyper Rare,$16.18,https://images.pokemontcg.io/sv9/189_hires.png
2025/03/28,Scarlet & Violet,Journey Together,Spiky Energy,190,Hyper Rare,$4.39,https://images.pokemontcg.io/sv9/190_hires.png
2025/05/30,Scarlet & Violet,Destined Rivals,Yanma,183,Illustration Rare,$4.36,https://images.pokemontcg.io/sv10/183_hires.png
2025/05/30,Scarlet & Violet,Destined Rivals,Cynthia's Roserade,184,Illustration Rare,$15.71,https://images.pokemontcg.io/sv10/184_hires.png
2025/05/30,Scarlet & Violet,Destined Rivals,Shaymin,185,Illustration Rare,$14.02,https://images.pokemontcg.io/sv10/185_hires.png
2025/05/30,Scarlet & Violet,Destined Rivals,Crustle,186,Illustration Rare,$3.94,https://images.pokemontcg.io/sv10/186_hires.png
2025/05/30,Scarlet & Violet,Destined Rivals,Team Rocket's Spidops,187,Illustration Rare,$6.08,https://images.pokemontcg.io/sv10/187_hires.png
2025/05/30,Scarlet & Violet,Destined Rivals,Hydrapple,188,Illustration Rare,$4.36,https://images.pokemontcg.io/sv10/188_hires.png
2025/05/30,Scarlet & Violet,Destined Rivals,Rapidash,189,Illustration Rare,$9.96,https://images.pokemontcg.io/sv10/189_hires.png
2025/05/30,Scarlet & Violet,Destined Rivals,Ethan's Typhlosion,190,Illustration Rare,$30.05,https://images.pokemontcg.io/sv10/190_hires.png
2025/05/30,Scarlet & Violet,Destined Rivals,Team Rocket's Houndoom,191,Illustration Rare,$15.49,https://images.pokemontcg.io/sv10/191_hires.png
2025/05/30,Scarlet & Violet,Destined Rivals,Blaziken,192,Illustration Rare,$11.69,https://images.pokemontcg.io/sv10/192_hires.png
2025/05/30,Scarlet & Violet,Destined Rivals,Misty's Psyduck,193,Illustration Rare,$68.66,https://images.pokemontcg.io/sv10/193_hires.png
2025/05/30,Scarlet & Violet,Destined Rivals,Misty's Lapras,194,Illustration Rare,$40.37,https://images.pokemontcg.io/sv10/194_hires.png
2025/05/30,Scarlet & Violet,Destined Rivals,Clamperl,195,Illustration Rare,$5.18,https://images.pokemontcg.io/sv10/195_hires.png
2025/05/30,Scarlet & Violet,Destined Rivals,Electrike,196,Illustration Rare,$3.95,https://images.pokemontcg.io/sv10/196_hires.png
2025/05/30,Scarlet & Violet,Destined Rivals,Rotom,197,Illustration Rare,$4.39,https://images.pokemontcg.io/sv10/197_hires.png
2025/05/30,Scarlet & Violet,Destined Rivals,Team Rocket's Orbeetle,198,Illustration Rare,$4.02,https://images.pokemontcg.io/sv10/198_hires.png
2025/05/30,Scarlet & Violet,Destined Rivals,Team Rocket's Weezing,199,Illustration Rare,$9.77,https://images.pokemontcg.io/sv10/199_hires.png
2025/05/30,Scarlet & Violet,Destined Rivals,Team Rocket's Murkrow,200,Illustration Rare,$10.10,https://images.pokemontcg.io/sv10/200_hires.png
2025/05/30,Scarlet & Violet,Destined Rivals,Zamazenta,201,Illustration Rare,$5.41,https://images.pokemontcg.io/sv10/201_hires.png
2025/05/30,Scarlet & Violet,Destined Rivals,Team Rocket's Raticate,202,Illustration Rare,$6.88,https://images.pokemontcg.io/sv10/202_hires.png
2025/05/30,Scarlet & Violet,Destined Rivals,Team Rocket's Meowth,203,Illustration Rare,$30.71,https://images.pokemontcg.io/sv10/203_hires.png
2025/05/30,Scarlet & Violet,Destined Rivals,Kangaskhan,204,Illustration Rare,$12.83,https://images.pokemontcg.io/sv10/204_hires.png
2025/05/30,Scarlet & Violet,Destined Rivals,Arven's Greedent,205,Illustration Rare,$3.94,https://images.pokemontcg.io/sv10/205_hires.png
2025/05/30,Scarlet & Violet,Destined Rivals,Yanmega ex,228,Special Illustration Rare,$25.85,https://images.pokemontcg.io/sv10/228_hires.png
2025/05/30,Scarlet & Violet,Destined Rivals,Team Rocket's Moltres ex,229,Special Illustration Rare,$118.31,https://images.pokemontcg.io/sv10/229_hires.png
2025/05/30,Scarlet & Violet,Destined Rivals,Ethan's Ho-Oh ex,230,Special Illustration Rare,$191.91,https://images.pokemontcg.io/sv10/230_hires.png
2025/05/30,Scarlet & Violet,Destined Rivals,Team Rocket's Mewtwo ex,231,Special Illustration Rare,$543.76,https://images.pokemontcg.io/sv10/231_hires.png
2025/05/30,Scarlet & Violet,Destined Rivals,Cynthia's Garchomp ex,232,Special Illustration Rare,$272.74,https://images.pokemontcg.io/sv10/232_hires.png
2025/05/30,Scarlet & Violet,Destined Rivals,Team Rocket's Nidoking ex,233,Special Illustration Rare,$110.89,https://images.pokemontcg.io/sv10/233_hires.png
2025/05/30,Scarlet & Violet,Destined Rivals,Team Rocket's Crobat ex,234,Special Illustration Rare,$70.75,https://images.pokemontcg.io/sv10/234_hires.png
2025/05/30,Scarlet & Violet,Destined Rivals,Arven's Mabosstiff ex,235,Special Illustration Rare,$31.63,https://images.pokemontcg.io/sv10/235_hires.png
2025/05/30,Scarlet & Violet,Destined Rivals,Ethan's Adventure,236,Special Illustration Rare,$46.07,https://images.pokemontcg.io/sv10/236_hires.png
2025/05/30,Scarlet & Violet,Destined Rivals,Team Rocket's Ariana,237,Special Illustration Rare,$24.74,https://images.pokemontcg.io/sv10/237_hires.png
2025/05/30,Scarlet & Violet,Destined Rivals,Team Rocket's Giovanni,238,Special Illustration Rare,$30.11,https://images.pokemontcg.io/sv10/238_hires.png
2025/05/30,Scarlet & Violet,Destined Rivals,Ethan's Ho-Oh ex,239,Hyper Rare,$28.59,https://images.pokemontcg.io/sv10/239_hires.png
2025/05/30,Scarlet & Violet,Destined Rivals,Team Rocket's Mewtwo ex,240,Hyper Rare,$66.31,https://images.pokemontcg.io/sv10/240_hires.png
2025/05/30,Scarlet & Violet,Destined Rivals,Cynthia's Garchomp ex,241,Hyper Rare,$32.64,https://images.pokemontcg.io/sv10/241_hires.png
2025/05/30,Scarlet & Violet,Destined Rivals,Team Rocket's Crobat ex,242,Hyper Rare,$17.71,https://images.pokemontcg.io/sv10/242_hires.png
2025/05/30,Scarlet & Violet,Destined Rivals,Jamming Tower,243,Hyper Rare,$9.78,https://images.pokemontcg.io/sv10/243_hires.png
2025/05/30,Scarlet & Violet,Destined Rivals,Levincia,244,Hyper Rare,$8.53,https://images.pokemontcg.io/sv10/244_hires.png
2025/07/18,Scarlet & Violet,Black Bolt,Volcarona,100,Illustration Rare,$59.86,https://images.pokemontcg.io/zsv10pt5/100_hires.png
2025/07/18,Scarlet & Violet,Black Bolt,Panpour,101,Illustration Rare,$16.10,https://images.pokemontcg.io/zsv10pt5/101_hires.png
2025/07/18,Scarlet & Violet,Black Bolt,Simipour,102,Illustration Rare,$14.45,https://images.pokemontcg.io/zsv10pt5/102_hires.png
2025/07/18,Scarlet & Violet,Black Bolt,Tympole,103,Illustration Rare,$16.32,https://images.pokemontcg.io/zsv10pt5/103_hires.png
2025/07/18,Scarlet & Violet,Black Bolt,Palpitoad,104,Illustration Rare,$18.61,https://images.pokemontcg.io/zsv10pt5/104_hires.png
2025/07/18,Scarlet & Violet,Black Bolt,Seismitoad,105,Illustration Rare,$252.67,https://images.pokemontcg.io/zsv10pt5/105_hires.png
2025/07/18,Scarlet & Violet,Black Bolt,Tirtouga,106,Illustration Rare,$40.45,https://images.pokemontcg.io/zsv10pt5/106_hires.png
2025/07/18,Scarlet & Violet,Black Bolt,Carracosta,107,Illustration Rare,$14.22,https://images.pokemontcg.io/zsv10pt5/107_hires.png
2025/07/18,Scarlet & Violet,Black Bolt,Alomomola,108,Illustration Rare,$26.48,https://images.pokemontcg.io/zsv10pt5/108_hires.png
2025/07/18,Scarlet & Violet,Black Bolt,Cubchoo,109,Illustration Rare,$20.63,https://images.pokemontcg.io/zsv10pt5/109_hires.png
2025/07/18,Scarlet & Violet,Black Bolt,Beartic,110,Illustration Rare,$10.15,https://images.pokemontcg.io/zsv10pt5/110_hires.png
2025/07/18,Scarlet & Violet,Black Bolt,Cryogonal,111,Illustration Rare,$9.78,https://images.pokemontcg.io/zsv10pt5/111_hires.png
2025/07/18,Scarlet & Violet,Black Bolt,Emolga,112,Illustration Rare,$20.37,https://images.pokemontcg.io/zsv10pt5/112_hires.png
2025/07/18,Scarlet & Violet,Black Bolt,Tynamo,113,Illustration Rare,$20.31,https://images.pokemontcg.io/zsv10pt5/113_hires.png
2025/07/18,Scarlet & Violet,Black Bolt,Eelektrik,114,Illustration Rare,$23.98,https://images.pokemontcg.io/zsv10pt5/114_hires.png
2025/07/18,Scarlet & Violet,Black Bolt,Eelektross,115,Illustration Rare,$30.91,https://images.pokemontcg.io/zsv10pt5/115_hires.png
2025/07/18,Scarlet & Violet,Black Bolt,Munna,116,Illustration Rare,$20.13,https://images.pokemontcg.io/zsv10pt5/116_hires.png
2025/07/18,Scarlet & Violet,Black Bolt,Musharna,117,Illustration Rare,$12.87,https://images.pokemontcg.io/zsv10pt5/117_hires.png
2025/07/18,Scarlet & Violet,Black Bolt,Solosis,118,Illustration Rare,$34.66,https://images.pokemontcg.io/zsv10pt5/118_hires.png
2025/07/18,Scarlet & Violet,Black Bolt,Duosion,119,Illustration Rare,$16.75,https://images.pokemontcg.io/zsv10pt5/119_hires.png
2025/07/18,Scarlet & Violet,Black Bolt,Elgyem,120,Illustration Rare,$14.75,https://images.pokemontcg.io/zsv10pt5/120_hires.png
2025/07/18,Scarlet & Violet,Black Bolt,Beheeyem,121,Illustration Rare,$8.62,https://images.pokemontcg.io/zsv10pt5/121_hires.png
2025/07/18,Scarlet & Violet,Black Bolt,Golett,122,Illustration Rare,$13.80,https://images.pokemontcg.io/zsv10pt5/122_hires.png
2025/07/18,Scarlet & Violet,Black Bolt,Golurk,123,Illustration Rare,$16.57,https://images.pokemontcg.io/zsv10pt5/123_hires.png
2025/07/18,Scarlet & Violet,Black Bolt,Drilbur,124,Illustration Rare,$8.54,https://images.pokemontcg.io/zsv10pt5/124_hires.png
2025/07/18,Scarlet & Violet,Black Bolt,Timburr,125,Illustration Rare,$21.00,https://images.pokemontcg.io/zsv10pt5/125_hires.png
2025/07/18,Scarlet & Violet,Black Bolt,Gurdurr,126,Illustration Rare,$12.65,https://images.pokemontcg.io/zsv10pt5/126_hires.png
2025/07/18,Scarlet & Violet,Black Bolt,Conkeldurr,127,Illustration Rare,$41.26,https://images.pokemontcg.io/zsv10pt5/127_hires.png
2025/07/18,Scarlet & Violet,Black Bolt,Throh,128,Illustration Rare,$10.81,https://images.pokemontcg.io/zsv10pt5/128_hires.png
2025/07/18,Scarlet & Violet,Black Bolt,Dwebble,129,Illustration Rare,$66.37,https://images.pokemontcg.io/zsv10pt5/129_hires.png
2025/07/18,Scarlet & Violet,Black Bolt,Crustle,130,Illustration Rare,$8.08,https://images.pokemontcg.io/zsv10pt5/130_hires.png
2025/07/18,Scarlet & Violet,Black Bolt,Landorus,131,Illustration Rare,$32.06,https://images.pokemontcg.io/zsv10pt5/131_hires.png
2025/07/18,Scarlet & Violet,Black Bolt,Venipede,132,Illustration Rare,$10.59,https://images.pokemontcg.io/zsv10pt5/132_hires.png
2025/07/18,Scarlet & Violet,Black Bolt,Whirlipede,133,Illustration Rare,$8.87,https://images.pokemontcg.io/zsv10pt5/133_hires.png
2025/07/18,Scarlet & Violet,Black Bolt,Scolipede,134,Illustration Rare,$30.41,https://images.pokemontcg.io/zsv10pt5/134_hires.png
2025/07/18,Scarlet & Violet,Black Bolt,Sandile,135,Illustration Rare,$18.48,https://images.pokemontcg.io/zsv10pt5/135_hires.png
2025/07/18,Scarlet & Violet,Black Bolt,Krokorok,136,Illustration Rare,$14.52,https://images.pokemontcg.io/zsv10pt5/136_hires.png
2025/07/18,Scarlet & Violet,Black Bolt,Krookodile,137,Illustration Rare,$60.05,https://images.pokemontcg.io/zsv10pt5/137_hires.png
2025/07/18,Scarlet & Violet,Black Bolt,Escavalier,138,Illustration Rare,$18.73,https://images.pokemontcg.io/zsv10pt5/138_hires.png
2025/07/18,Scarlet & Violet,Black Bolt,Klink,139,Illustration Rare,$9.39,https://images.pokemontcg.io/zsv10pt5/139_hires.png
2025/07/18,Scarlet & Violet,Black Bolt,Klang,140,Illustration Rare,$7.44,https://images.pokemontcg.io/zsv10pt5/140_hires.png
2025/07/18,Scarlet & Violet,Black Bolt,Klinklang,141,Illustration Rare,$33.41,https://images.pokemontcg.io/zsv10pt5/141_hires.png
2025/07/18,Scarlet & Violet,Black Bolt,Pawniard,142,Illustration Rare,$9.31,https://images.pokemontcg.io/zsv10pt5/142_hires.png
2025/07/18,Scarlet & Violet,Black Bolt,Bisharp,143,Illustration Rare,$12.03,https://images.pokemontcg.io/zsv10pt5/143_hires.png
2025/07/18,Scarlet & Violet,Black Bolt,Cobalion,144,Illustration Rare,$33.19,https://images.pokemontcg.io/zsv10pt5/144_hires.png
2025/07/18,Scarlet & Violet,Black Bolt,Axew,145,Illustration Rare,$22.22,https://images.pokemontcg.io/zsv10pt5/145_hires.png
2025/07/18,Scarlet & Violet,Black Bolt,Fraxure,146,Illustration Rare,$31.71,https://images.pokemontcg.io/zsv10pt5/146_hires.png
2025/07/18,Scarlet & Violet,Black Bolt,Haxorus,147,Illustration Rare,$76.19,https://images.pokemontcg.io/zsv10pt5/147_hires.png
2025/07/18,Scarlet & Violet,Black Bolt,Pidove,148,Illustration Rare,$42.66,https://images.pokemontcg.io/zsv10pt5/148_hires.png
2025/07/18,Scarlet & Violet,Black Bolt,Tranquill,149,Illustration Rare,$6.56,https://images.pokemontcg.io/zsv10pt5/149_hires.png
2025/07/18,Scarlet & Violet,Black Bolt,Unfezant,150,Illustration Rare,$34.92,https://images.pokemontcg.io/zsv10pt5/150_hires.png
2025/07/18,Scarlet & Violet,Black Bolt,Audino,151,Illustration Rare,$42.14,https://images.pokemontcg.io/zsv10pt5/151_hires.png
2025/07/18,Scarlet & Violet,Black Bolt,Minccino,152,Illustration Rare,$26.06,https://images.pokemontcg.io/zsv10pt5/152_hires.png
2025/07/18,Scarlet & Violet,Black Bolt,Cinccino,153,Illustration Rare,$32.81,https://images.pokemontcg.io/zsv10pt5/153_hires.png
2025/07/18,Scarlet & Violet,Black Bolt,Rufflet,154,Illustration Rare,$9.16,https://images.pokemontcg.io/zsv10pt5/154_hires.png
2025/07/18,Scarlet & Violet,Black Bolt,Braviary,155,Illustration Rare,$11.63,https://images.pokemontcg.io/zsv10pt5/155_hires.png
2025/07/18,Scarlet & Violet,Black Bolt,Serperior ex,164,Special Illustration Rare,$55.90,https://images.pokemontcg.io/zsv10pt5/164_hires.png
2025/07/18,Scarlet & Violet,Black Bolt,Kyurem ex,165,Special Illustration Rare,$76.72,https://images.pokemontcg.io/zsv10pt5/165_hires.png
2025/07/18,Scarlet & Violet,Black Bolt,Zekrom ex,166,Special Illustration Rare,$286.53,https://images.pokemontcg.io/zsv10pt5/166_hires.png
2025/07/18,Scarlet & Violet,Black Bolt,Meloetta ex,167,Special Illustration Rare,$44.35,https://images.pokemontcg.io/zsv10pt5/167_hires.png
2025/07/18,Scarlet & Violet,Black Bolt,Excadrill ex,168,Special Illustration Rare,$25.30,https://images.pokemontcg.io/zsv10pt5/168_hires.png
2025/07/18,Scarlet & Violet,Black Bolt,Genesect ex,169,Special Illustration Rare,$48.04,https://images.pokemontcg.io/zsv10pt5/169_hires.png
2025/07/18,Scarlet & Violet,Black Bolt,N's Plan,170,Special Illustration Rare,$73.92,https://images.pokemontcg.io/zsv10pt5/170_hires.png
2025/07/18,Scarlet & Violet,Black Bolt,Snivy,87,Illustration Rare,$33.76,https://images.pokemontcg.io/zsv10pt5/87_hires.png
2025/07/18,Scarlet & Violet,Black Bolt,Servine,88,Illustration Rare,$19.43,https://images.pokemontcg.io/zsv10pt5/88_hires.png
2025/07/18,Scarlet & Violet,Black Bolt,Pansage,89,Illustration Rare,$28.47,https://images.pokemontcg.io/zsv10pt5/89_hires.png
2025/07/18,Scarlet & Violet,Black Bolt,Simisage,90,Illustration Rare,$12.16,https://images.pokemontcg.io/zsv10pt5/90_hires.png
2025/07/18,Scarlet & Violet,Black Bolt,Petilil,91,Illustration Rare,$33.18,https://images.pokemontcg.io/zsv10pt5/91_hires.png
2025/07/18,Scarlet & Violet,Black Bolt,Lilligant,92,Illustration Rare,$62.41,https://images.pokemontcg.io/zsv10pt5/92_hires.png
2025/07/18,Scarlet & Violet,Black Bolt,Maractus,93,Illustration Rare,$8.37,https://images.pokemontcg.io/zsv10pt5/93_hires.png
2025/07/18,Scarlet & Violet,Black Bolt,Karrablast,94,Illustration Rare,$20.10,https://images.pokemontcg.io/zsv10pt5/94_hires.png
2025/07/18,Scarlet & Violet,Black Bolt,Foongus,95,Illustration Rare,$19.28,https://images.pokemontcg.io/zsv10pt5/95_hires.png
2025/07/18,Scarlet & Violet,Black Bolt,Amoonguss,96,Illustration Rare,$47.61,https://images.pokemontcg.io/zsv10pt5/96_hires.png
2025/07/18,Scarlet & Violet,Black Bolt,Darumaka,97,Illustration Rare,$16.96,https://images.pokemontcg.io/zsv10pt5/97_hires.png
2025/07/18,Scarlet & Violet,Black Bolt,Darmanitan,98,Illustration Rare,$13.00,https://images.pokemontcg.io/zsv10pt5/98_hires.png
2025/07/18,Scarlet & Violet,Black Bolt,Larvesta,99,Illustration Rare,$16.30,https://images.pokemontcg.io/zsv10pt5/99_hires.png
2025/07/18,Scarlet & Violet,White Flare,Simisear,100,Illustration Rare,$18.39,https://images.pokemontcg.io/rsv10pt5/100_hires.png
2025/07/18,Scarlet & Violet,White Flare,Litwick,101,Illustration Rare,$29.04,https://images.pokemontcg.io/rsv10pt5/101_hires.png
2025/07/18,Scarlet & Violet,White Flare,Lampent,102,Illustration Rare,$18.13,https://images.pokemontcg.io/rsv10pt5/102_hires.png
2025/07/18,Scarlet & Violet,White Flare,Chandelure,103,Illustration Rare,$72.22,https://images.pokemontcg.io/rsv10pt5/103_hires.png
2025/07/18,Scarlet & Violet,White Flare,Heatmor,104,Illustration Rare,$8.78,https://images.pokemontcg.io/rsv10pt5/104_hires.png
2025/07/18,Scarlet & Violet,White Flare,Oshawott,105,Illustration Rare,$93.13,https://images.pokemontcg.io/rsv10pt5/105_hires.png
2025/07/18,Scarlet & Violet,White Flare,Dewott,106,Illustration Rare,$23.46,https://images.pokemontcg.io/rsv10pt5/106_hires.png
2025/07/18,Scarlet & Violet,White Flare,Samurott,107,Illustration Rare,$51.59,https://images.pokemontcg.io/rsv10pt5/107_hires.png
2025/07/18,Scarlet & Violet,White Flare,Basculin,108,Illustration Rare,$9.69,https://images.pokemontcg.io/rsv10pt5/108_hires.png
2025/07/18,Scarlet & Violet,White Flare,Ducklett,109,Illustration Rare,$35.72,https://images.pokemontcg.io/rsv10pt5/109_hires.png
2025/07/18,Scarlet & Violet,White Flare,Swanna,110,Illustration Rare,$16.12,https://images.pokemontcg.io/rsv10pt5/110_hires.png
2025/07/18,Scarlet & Violet,White Flare,Vanillite,111,Illustration Rare,$18.77,https://images.pokemontcg.io/rsv10pt5/111_hires.png
2025/07/18,Scarlet & Violet,White Flare,Vanillish,112,Illustration Rare,$15.19,https://images.pokemontcg.io/rsv10pt5/112_hires.png
2025/07/18,Scarlet & Violet,White Flare,Vanilluxe,113,Illustration Rare,$44.85,https://images.pokemontcg.io/rsv10pt5/113_hires.png
2025/07/18,Scarlet & Violet,White Flare,Blitzle,114,Illustration Rare,$11.51,https://images.pokemontcg.io/rsv10pt5/114_hires.png
2025/07/18,Scarlet & Violet,White Flare,Zebstrika,115,Illustration Rare,$29.72,https://images.pokemontcg.io/rsv10pt5/115_hires.png
2025/07/18,Scarlet & Violet,White Flare,Joltik,116,Illustration Rare,$35.41,https://images.pokemontcg.io/rsv10pt5/116_hires.png
2025/07/18,Scarlet & Violet,White Flare,Galvantula,117,Illustration Rare,$20.30,https://images.pokemontcg.io/rsv10pt5/117_hires.png
2025/07/18,Scarlet & Violet,White Flare,Stunfisk,118,Illustration Rare,$7.16,https://images.pokemontcg.io/rsv10pt5/118_hires.png
2025/07/18,Scarlet & Violet,White Flare,Woobat,119,Illustration Rare,$14.97,https://images.pokemontcg.io/rsv10pt5/119_hires.png
2025/07/18,Scarlet & Violet,White Flare,Swoobat,120,Illustration Rare,$14.17,https://images.pokemontcg.io/rsv10pt5/120_hires.png
2025/07/18,Scarlet & Violet,White Flare,Sigilyph,121,Illustration Rare,$12.62,https://images.pokemontcg.io/rsv10pt5/121_hires.png
2025/07/18,Scarlet & Violet,White Flare,Yamask,122,Illustration Rare,$12.58,https://images.pokemontcg.io/rsv10pt5/122_hires.png
2025/07/18,Scarlet & Violet,White Flare,Cofagrigus,123,Illustration Rare,$27.94,https://images.pokemontcg.io/rsv10pt5/123_hires.png
2025/07/18,Scarlet & Violet,White Flare,Gothita,124,Illustration Rare,$25.81,https://images.pokemontcg.io/rsv10pt5/124_hires.png
2025/07/18,Scarlet & Violet,White Flare,Gothorita,125,Illustration Rare,$19.40,https://images.pokemontcg.io/rsv10pt5/125_hires.png
2025/07/18,Scarlet & Violet,White Flare,Frillish,126,Illustration Rare,$15.27,https://images.pokemontcg.io/rsv10pt5/126_hires.png
2025/07/18,Scarlet & Violet,White Flare,Roggenrola,127,Illustration Rare,$13.48,https://images.pokemontcg.io/rsv10pt5/127_hires.png
2025/07/18,Scarlet & Violet,White Flare,Boldore,128,Illustration Rare,$6.36,https://images.pokemontcg.io/rsv10pt5/128_hires.png
2025/07/18,Scarlet & Violet,White Flare,Gigalith,129,Illustration Rare,$19.33,https://images.pokemontcg.io/rsv10pt5/129_hires.png
2025/07/18,Scarlet & Violet,White Flare,Sawk,130,Illustration Rare,$16.65,https://images.pokemontcg.io/rsv10pt5/130_hires.png
2025/07/18,Scarlet & Violet,White Flare,Archeops,132,Illustration Rare,$14.64,https://images.pokemontcg.io/rsv10pt5/132_hires.png
2025/07/18,Scarlet & Violet,White Flare,Mienfoo,133,Illustration Rare,$13.61,https://images.pokemontcg.io/rsv10pt5/133_hires.png
2025/07/18,Scarlet & Violet,White Flare,Mienshao,134,Illustration Rare,$9.24,https://images.pokemontcg.io/rsv10pt5/134_hires.png
2025/07/18,Scarlet & Violet,White Flare,Terrakion,135,Illustration Rare,$29.65,https://images.pokemontcg.io/rsv10pt5/135_hires.png
2025/07/18,Scarlet & Violet,White Flare,Purrloin,136,Illustration Rare,$20.82,https://images.pokemontcg.io/rsv10pt5/136_hires.png
2025/07/18,Scarlet & Violet,White Flare,Liepard,137,Illustration Rare,$52.78,https://images.pokemontcg.io/rsv10pt5/137_hires.png
2025/07/18,Scarlet & Violet,White Flare,Scraggy,138,Illustration Rare,$23.32,https://images.pokemontcg.io/rsv10pt5/138_hires.png
2025/07/18,Scarlet & Violet,White Flare,Scrafty,139,Illustration Rare,$26.83,https://images.pokemontcg.io/rsv10pt5/139_hires.png
2025/07/18,Scarlet & Violet,White Flare,Trubbish,140,Illustration Rare,$19.47,https://images.pokemontcg.io/rsv10pt5/140_hires.png
2025/07/18,Scarlet & Violet,White Flare,Garbodor,141,Illustration Rare,$22.10,https://images.pokemontcg.io/rsv10pt5/141_hires.png
2025/07/18,Scarlet & Violet,White Flare,Zorua,142,Illustration Rare,$48.59,https://images.pokemontcg.io/rsv10pt5/142_hires.png
2025/07/18,Scarlet & Violet,White Flare,Zoroark,143,Illustration Rare,$82.30,https://images.pokemontcg.io/rsv10pt5/143_hires.png
2025/07/18,Scarlet & Violet,White Flare,Vullaby,144,Illustration Rare,$10.65,https://images.pokemontcg.io/rsv10pt5/144_hires.png
2025/07/18,Scarlet & Violet,White Flare,Mandibuzz,145,Illustration Rare,$9.98,https://images.pokemontcg.io/rsv10pt5/145_hires.png
2025/07/18,Scarlet & Violet,White Flare,Deino,146,Illustration Rare,$18.57,https://images.pokemontcg.io/rsv10pt5/146_hires.png
2025/07/18,Scarlet & Violet,White Flare,Zweilous,147,Illustration Rare,$13.41,https://images.pokemontcg.io/rsv10pt5/147_hires.png
2025/07/18,Scarlet & Violet,White Flare,Ferroseed,148,Illustration Rare,$8.18,https://images.pokemontcg.io/rsv10pt5/148_hires.png
2025/07/18,Scarlet & Violet,White Flare,Ferrothorn,149,Illustration Rare,$20.51,https://images.pokemontcg.io/rsv10pt5/149_hires.png
2025/07/18,Scarlet & Violet,White Flare,Durant,150,Illustration Rare,$11.98,https://images.pokemontcg.io/rsv10pt5/150_hires.png
2025/07/18,Scarlet & Violet,White Flare,Druddigon,151,Illustration Rare,$29.17,https://images.pokemontcg.io/rsv10pt5/151_hires.png
2025/07/18,Scarlet & Violet,White Flare,Patrat,152,Illustration Rare,$13.18,https://images.pokemontcg.io/rsv10pt5/152_hires.png
2025/07/18,Scarlet & Violet,White Flare,Watchog,153,Illustration Rare,$11.89,https://images.pokemontcg.io/rsv10pt5/153_hires.png
2025/07/18,Scarlet & Violet,White Flare,Lillipup,154,Illustration Rare,$36.34,https://images.pokemontcg.io/rsv10pt5/154_hires.png
2025/07/18,Scarlet & Violet,White Flare,Herdier,155,Illustration Rare,$19.08,https://images.pokemontcg.io/rsv10pt5/155_hires.png
2025/07/18,Scarlet & Violet,White Flare,Stoutland,156,Illustration Rare,$30.86,https://images.pokemontcg.io/rsv10pt5/156_hires.png
2025/07/18,Scarlet & Violet,White Flare,Whimsicott ex,165,Special Illustration Rare,$28.94,https://images.pokemontcg.io/rsv10pt5/165_hires.png
2025/07/18,Scarlet & Violet,White Flare,Reshiram ex,166,Special Illustration Rare,$220.29,https://images.pokemontcg.io/rsv10pt5/166_hires.png
2025/07/18,Scarlet & Violet,White Flare,Keldeo ex,167,Special Illustration Rare,$78.76,https://images.pokemontcg.io/rsv10pt5/167_hires.png
2025/07/18,Scarlet & Violet,White Flare,Jellicent ex,168,Special Illustration Rare,$29.93,https://images.pokemontcg.io/rsv10pt5/168_hires.png
2025/07/18,Scarlet & Violet,White Flare,Hydreigon ex,169,Special Illustration Rare,$90.21,https://images.pokemontcg.io/rsv10pt5/169_hires.png
2025/07/18,Scarlet & Violet,White Flare,Bouffalant ex,170,Special Illustration Rare,$19.30,https://images.pokemontcg.io/rsv10pt5/170_hires.png
2025/07/18,Scarlet & Violet,White Flare,Hilda,171,Special Illustration Rare,$58.98,https://images.pokemontcg.io/rsv10pt5/171_hires.png
2025/07/18,Scarlet & Violet,White Flare,Sewaddle,87,Illustration Rare,$19.26,https://images.pokemontcg.io/rsv10pt5/87_hires.png
2025/07/18,Scarlet & Violet,White Flare,Swadloon,88,Illustration Rare,$12.57,https://images.pokemontcg.io/rsv10pt5/88_hires.png
2025/07/18,Scarlet & Violet,White Flare,Leavanny,89,Illustration Rare,$43.48,https://images.pokemontcg.io/rsv10pt5/89_hires.png
2025/07/18,Scarlet & Violet,White Flare,Cottonee,90,Illustration Rare,$10.07,https://images.pokemontcg.io/rsv10pt5/90_hires.png
2025/07/18,Scarlet & Violet,White Flare,Deerling,91,Illustration Rare,$23.34,https://images.pokemontcg.io/rsv10pt5/91_hires.png
2025/07/18,Scarlet & Violet,White Flare,Sawsbuck,92,Illustration Rare,$41.83,https://images.pokemontcg.io/rsv10pt5/92_hires.png
2025/07/18,Scarlet & Violet,White Flare,Shelmet,93,Illustration Rare,$8.92,https://images.pokemontcg.io/rsv10pt5/93_hires.png
2025/07/18,Scarlet & Violet,White Flare,Accelgor,94,Illustration Rare,$19.39,https://images.pokemontcg.io/rsv10pt5/94_hires.png
2025/07/18,Scarlet & Violet,White Flare,Virizion,95,Illustration Rare,$31.73,https://images.pokemontcg.io/rsv10pt5/95_hires.png
2025/07/18,Scarlet & Violet,White Flare,Tepig,96,Illustration Rare,$41.59,https://images.pokemontcg.io/rsv10pt5/96_hires.png
2025/07/18,Scarlet & Violet,White Flare,Pignite,97,Illustration Rare,$14.57,https://images.pokemontcg.io/rsv10pt5/97_hires.png
2025/07/18,Scarlet & Violet,White Flare,Emboar,98,Illustration Rare,$46.85,https://images.pokemontcg.io/rsv10pt5/98_hires.png
2025/07/18,Scarlet & Violet,White Flare,Pansear,99,Illustration Rare,$15.93,https://images.pokemontcg.io/rsv10pt5/99_hires.png
2025/09/26,Mega Evolution,Mega Evolution,Bulbasaur,133,Illustration Rare,$20.32,https://images.pokemontcg.io/me1/133_hires.png
2025/09/26,Mega Evolution,Mega Evolution,Ivysaur,134,Illustration Rare,$21.34,https://images.pokemontcg.io/me1/134_hires.png
2025/09/26,Mega Evolution,Mega Evolution,Exeggutor,135,Illustration Rare,$5.67,https://images.pokemontcg.io/me1/135_hires.png
2025/09/26,Mega Evolution,Mega Evolution,Shuckle,136,Illustration Rare,$6.73,https://images.pokemontcg.io/me1/136_hires.png
2025/09/26,Mega Evolution,Mega Evolution,Ninjask,137,Illustration Rare,$4.67,https://images.pokemontcg.io/me1/137_hires.png
2025/09/26,Mega Evolution,Mega Evolution,Vulpix,138,Illustration Rare,$19.87,https://images.pokemontcg.io/me1/138_hires.png
2025/09/26,Mega Evolution,Mega Evolution,Litleo,139,Illustration Rare,$4.95,https://images.pokemontcg.io/me1/139_hires.png
2025/09/26,Mega Evolution,Mega Evolution,Snover,140,Illustration Rare,$2.48,https://images.pokemontcg.io/me1/140_hires.png
2025/09/26,Mega Evolution,Mega Evolution,Clawitzer,141,Illustration Rare,$1.83,https://images.pokemontcg.io/me1/141_hires.png
2025/09/26,Mega Evolution,Mega Evolution,Inteleon,142,Illustration Rare,$2.64,https://images.pokemontcg.io/me1/142_hires.png
2025/09/26,Mega Evolution,Mega Evolution,Helioptile,143,Illustration Rare,$3.63,https://images.pokemontcg.io/me1/143_hires.png
2025/09/26,Mega Evolution,Mega Evolution,Shedinja,144,Illustration Rare,$2.90,https://images.pokemontcg.io/me1/144_hires.png
2025/09/26,Mega Evolution,Mega Evolution,Houndstone,145,Illustration Rare,$2.49,https://images.pokemontcg.io/me1/145_hires.png
2025/09/26,Mega Evolution,Mega Evolution,Marshadow,146,Illustration Rare,$16.02,https://images.pokemontcg.io/me1/146_hires.png
2025/09/26,Mega Evolution,Mega Evolution,Garganacl,147,Illustration Rare,$1.48,https://images.pokemontcg.io/me1/147_hires.png
2025/09/26,Mega Evolution,Mega Evolution,Spiritomb,148,Illustration Rare,$3.03,https://images.pokemontcg.io/me1/148_hires.png
2025/09/26,Mega Evolution,Mega Evolution,Shroodle,149,Illustration Rare,$2.50,https://images.pokemontcg.io/me1/149_hires.png
2025/09/26,Mega Evolution,Mega Evolution,Steelix,150,Illustration Rare,$8.45,https://images.pokemontcg.io/me1/150_hires.png
2025/09/26,Mega Evolution,Mega Evolution,Spearow,151,Illustration Rare,$4.04,https://images.pokemontcg.io/me1/151_hires.png
2025/09/26,Mega Evolution,Mega Evolution,Delibird,152,Illustration Rare,$2.50,https://images.pokemontcg.io/me1/152_hires.png
2025/09/26,Mega Evolution,Mega Evolution,Gumshoos,153,Illustration Rare,$3.14,https://images.pokemontcg.io/me1/153_hires.png
2025/09/26,Mega Evolution,Mega Evolution,Stufful,154,Illustration Rare,$6.86,https://images.pokemontcg.io/me1/154_hires.png
2025/09/26,Mega Evolution,Mega Evolution,Mega Venusaur ex,177,Special Illustration Rare,$157.44,https://images.pokemontcg.io/me1/177_hires.png
2025/09/26,Mega Evolution,Mega Evolution,Mega Gardevoir ex,178,Special Illustration Rare,$198.40,https://images.pokemontcg.io/me1/178_hires.png
2025/09/26,Mega Evolution,Mega Evolution,Mega Lucario ex,179,Special Illustration Rare,$229.09,https://images.pokemontcg.io/me1/179_hires.png
2025/09/26,Mega Evolution,Mega Evolution,Mega Absol ex,180,Special Illustration Rare,$68.63,https://images.pokemontcg.io/me1/180_hires.png
2025/09/26,Mega Evolution,Mega Evolution,Mega Latias ex,181,Special Illustration Rare,$92.63,https://images.pokemontcg.io/me1/181_hires.png
2025/09/26,Mega Evolution,Mega Evolution,Mega Kangaskhan ex,182,Special Illustration Rare,$61.50,https://images.pokemontcg.io/me1/182_hires.png
2025/09/26,Mega Evolution,Mega Evolution,Acerola's Mischief,183,Special Illustration Rare,$33.78,https://images.pokemontcg.io/me1/183_hires.png
2025/09/26,Mega Evolution,Mega Evolution,Lillie's Determination,184,Special Illustration Rare,$72.65,https://images.pokemontcg.io/me1/184_hires.png
2025/09/26,Mega Evolution,Mega Evolution,Lt. Surge's Bargain,185,Special Illustration Rare,$18.58,https://images.pokemontcg.io/me1/185_hires.png
2025/09/26,Mega Evolution,Mega Evolution,Wally's Compassion,186,Special Illustration Rare,$20.43,https://images.pokemontcg.io/me1/186_hires.png
2025/09/26,Mega Evolution,Mega Evolution,Mega Gardevoir ex,187,Mega Hyper Rare,$217.94,https://images.pokemontcg.io/me1/187_hires.png
2025/09/26,Mega Evolution,Mega Evolution,Mega Lucario ex,188,Mega Hyper Rare,$278.89,https://images.pokemontcg.io/me1/188_hires.png
2025/11/14,Mega Evolution,Phantasmal Flames,Zacian,100,Illustration Rare,$4.55,https://images.pokemontcg.io/me2/100_hires.png
2025/11/14,Mega Evolution,Phantasmal Flames,Flygon,101,Illustration Rare,$5.40,https://images.pokemontcg.io/me2/101_hires.png
2025/11/14,Mega Evolution,Phantasmal Flames,Paldean Wooper,102,Illustration Rare,$5.06,https://images.pokemontcg.io/me2/102_hires.png
2025/11/14,Mega Evolution,Phantasmal Flames,Toxtricity,103,Illustration Rare,$2.17,https://images.pokemontcg.io/me2/103_hires.png
2025/11/14,Mega Evolution,Phantasmal Flames,Togedemaru,104,Illustration Rare,$2.50,https://images.pokemontcg.io/me2/104_hires.png
2025/11/14,Mega Evolution,Phantasmal Flames,Wigglytuff,105,Illustration Rare,$7.03,https://images.pokemontcg.io/me2/105_hires.png
2025/11/14,Mega Evolution,Phantasmal Flames,Meowth,106,Illustration Rare,$21.36,https://images.pokemontcg.io/me2/106_hires.png
2025/11/14,Mega Evolution,Phantasmal Flames,Ambipom,107,Illustration Rare,$2.42,https://images.pokemontcg.io/me2/107_hires.png
2025/11/14,Mega Evolution,Phantasmal Flames,Mega Charizard X ex,125,Special Illustration Rare,$852.72,https://images.pokemontcg.io/me2/125_hires.png
2025/11/14,Mega Evolution,Phantasmal Flames,Rotom ex,126,Special Illustration Rare,$20.11,https://images.pokemontcg.io/me2/126_hires.png
2025/11/14,Mega Evolution,Phantasmal Flames,Mega Sharpedo ex,127,Special Illustration Rare,$21.04,https://images.pokemontcg.io/me2/127_hires.png
2025/11/14,Mega Evolution,Phantasmal Flames,Mega Lopunny ex,128,Special Illustration Rare,$18.03,https://images.pokemontcg.io/me2/128_hires.png
2025/11/14,Mega Evolution,Phantasmal Flames,Dawn,129,Special Illustration Rare,$23.48,https://images.pokemontcg.io/me2/129_hires.png
2025/11/14,Mega Evolution,Phantasmal Flames,Mega Charizard X ex,130,Mega Hyper Rare,$341.93,https://images.pokemontcg.io/me2/130_hires.png
2025/11/14,Mega Evolution,Phantasmal Flames,Ludicolo,95,Illustration Rare,$1.92,https://images.pokemontcg.io/me2/95_hires.png
2025/11/14,Mega Evolution,Phantasmal Flames,Nymble,96,Illustration Rare,$1.54,https://images.pokemontcg.io/me2/96_hires.png
2025/11/14,Mega Evolution,Phantasmal Flames,Dewgong,97,Illustration Rare,$4.82,https://images.pokemontcg.io/me2/97_hires.png
2025/11/14,Mega Evolution,Phantasmal Flames,Piplup,98,Illustration Rare,$14.20,https://images.pokemontcg.io/me2/98_hires.png
2025/11/14,Mega Evolution,Phantasmal Flames,Yamper,99,Illustration Rare,$3.82,https://images.pokemontcg.io/me2/99_hires.png
2026/01/30,Mega Evolution,Ascended Heroes,Erika's Tangela,218,Illustration Rare,N/A,https://images.scrydex.com/pokemon/me2pt5-218/large
2026/01/30,Mega Evolution,Ascended Heroes,Beautifly,219,Illustration Rare,N/A,https://images.scrydex.com/pokemon/me2pt5-219/large
2026/01/30,Mega Evolution,Ascended Heroes,Dustox,220,Illustration Rare,N/A,https://images.scrydex.com/pokemon/me2pt5-220/large
2026/01/30,Mega Evolution,Ascended Heroes,Budew,221,Illustration Rare,N/A,https://images.scrydex.com/pokemon/me2pt5-221/large
2026/01/30,Mega Evolution,Ascended Heroes,Ethan's Magcargo,222,Illustration Rare,N/A,https://images.scrydex.com/pokemon/me2pt5-222/large
2026/01/30,Mega Evolution,Ascended Heroes,Numel,223,Illustration Rare,N/A,https://images.scrydex.com/pokemon/me2pt5-223/large
2026/01/30,Mega Evolution,Ascended Heroes,Salazzle,224,Illustration Rare,N/A,https://images.scrydex.com/pokemon/me2pt5-224/large
2026/01/30,Mega Evolution,Ascended Heroes,Scorbunny,225,Illustration Rare,N/A,https://images.scrydex.com/pokemon/me2pt5-225/large
2026/01/30,Mega Evolution,Ascended Heroes,Psyduck,226,Illustration Rare,N/A,https://images.scrydex.com/pokemon/me2pt5-226/large
2026/01/30,Mega Evolution,Ascended Heroes,Snorunt,227,Illustration Rare,N/A,https://images.scrydex.com/pokemon/me2pt5-227/large
2026/01/30,Mega Evolution,Ascended Heroes,Weavile,228,Illustration Rare,N/A,https://images.scrydex.com/pokemon/me2pt5-228/large
2026/01/30,Mega Evolution,Ascended Heroes,Heliolisk,229,Illustration Rare,N/A,https://images.scrydex.com/pokemon/me2pt5-229/large
2026/01/30,Mega Evolution,Ascended Heroes,Vikavolt,230,Illustration Rare,N/A,https://images.scrydex.com/pokemon/me2pt5-230/large
2026/01/30,Mega Evolution,Ascended Heroes,Iono's Wattrel,231,Illustration Rare,N/A,https://images.scrydex.com/pokemon/me2pt5-231/large
2026/01/30,Mega Evolution,Ascended Heroes,Marill,232,Illustration Rare,N/A,https://images.scrydex.com/pokemon/me2pt5-232/large
2026/01/30,Mega Evolution,Ascended Heroes,Misdreavus,233,Illustration Rare,N/A,https://images.scrydex.com/pokemon/me2pt5-233/large
2026/01/30,Mega Evolution,Ascended Heroes,Banette,234,Illustration Rare,N/A,https://images.scrydex.com/pokemon/me2pt5-234/large
2026/01/30,Mega Evolution,Ascended Heroes,Togekiss,235,Illustration Rare,N/A,https://images.scrydex.com/pokemon/me2pt5-235/large
2026/01/30,Mega Evolution,Ascended Heroes,Slurpuff,236,Illustration Rare,N/A,https://images.scrydex.com/pokemon/me2pt5-236/large
2026/01/30,Mega Evolution,Ascended Heroes,Hop's Trevenant,237,Illustration Rare,N/A,https://images.scrydex.com/pokemon/me2pt5-237/large
2026/01/30,Mega Evolution,Ascended Heroes,Team Rocket's Mimikyu,238,Illustration Rare,N/A,https://images.scrydex.com/pokemon/me2pt5-238/large
2026/01/30,Mega Evolution,Ascended Heroes,Team Rocket's Dugtrio,239,Illustration Rare,N/A,https://images.scrydex.com/pokemon/me2pt5-239/large
2026/01/30,Mega Evolution,Ascended Heroes,Hitmontop,240,Illustration Rare,N/A,https://images.scrydex.com/pokemon/me2pt5-240/large
2026/01/30,Mega Evolution,Ascended Heroes,Medicham,241,Illustration Rare,N/A,https://images.scrydex.com/pokemon/me2pt5-241/large
2026/01/30,Mega Evolution,Ascended Heroes,Carbink,242,Illustration Rare,N/A,https://images.scrydex.com/pokemon/me2pt5-242/large
2026/01/30,Mega Evolution,Ascended Heroes,Mightyena,243,Illustration Rare,N/A,https://images.scrydex.com/pokemon/me2pt5-243/large
2026/01/30,Mega Evolution,Ascended Heroes,Cynthia's Spiritomb,244,Illustration Rare,N/A,https://images.scrydex.com/pokemon/me2pt5-244/large
2026/01/30,Mega Evolution,Ascended Heroes,Galarian Obstagoon,245,Illustration Rare,N/A,https://images.scrydex.com/pokemon/me2pt5-245/large
2026/01/30,Mega Evolution,Ascended Heroes,Mawile,246,Illustration Rare,N/A,https://images.scrydex.com/pokemon/me2pt5-246/large
2026/01/30,Mega Evolution,Ascended Heroes,Dreepy,247,Illustration Rare,N/A,https://images.scrydex.com/pokemon/me2pt5-247/large
2026/01/30,Mega Evolution,Ascended Heroes,Drakloak,248,Illustration Rare,N/A,https://images.scrydex.com/pokemon/me2pt5-248/large
2026/01/30,Mega Evolution,Ascended Heroes,Larry's Staraptor,249,Illustration Rare,N/A,https://images.scrydex.com/pokemon/me2pt5-249/large
2026/01/30,Mega Evolution,Ascended Heroes,Fan Rotom,250,Illustration Rare,N/A,https://images.scrydex.com/pokemon/me2pt5-250/large
2026/01/30,Mega Evolution,Ascended Heroes,Mega Meganium ex,272,Special Illustration Rare,N/A,https://images.scrydex.com/pokemon/me2pt5-272/large
2026/01/30,Mega Evolution,Ascended Heroes,Mega Emboar ex,273,Special Illustration Rare,N/A,https://images.scrydex.com/pokemon/me2pt5-273/large
2026/01/30,Mega Evolution,Ascended Heroes,Mega Feraligatr ex,274,Special Illustration Rare,N/A,https://images.scrydex.com/pokemon/me2pt5-274/large
2026/01/30,Mega Evolution,Ascended Heroes,Mega Froslass ex,275,Special Illustration Rare,N/A,https://images.scrydex.com/pokemon/me2pt5-275/large
2026/01/30,Mega Evolution,Ascended Heroes,Pikachu ex,276,Special Illustration Rare,N/A,https://images.scrydex.com/pokemon/me2pt5-276/large
2026/01/30,Mega Evolution,Ascended Heroes,Pikachu ex,277,Special Illustration Rare,N/A,https://images.scrydex.com/pokemon/me2pt5-277/large
2026/01/30,Mega Evolution,Ascended Heroes,Mega Eelektross ex,278,Special Illustration Rare,N/A,https://images.scrydex.com/pokemon/me2pt5-278/large
2026/01/30,Mega Evolution,Ascended Heroes,Iono's Bellibolt ex,279,Special Illustration Rare,N/A,https://images.scrydex.com/pokemon/me2pt5-279/large
2026/01/30,Mega Evolution,Ascended Heroes,Lillie's Clefairy ex,280,Special Illustration Rare,N/A,https://images.scrydex.com/pokemon/me2pt5-280/large
2026/01/30,Mega Evolution,Ascended Heroes,Team Rocket's Mewtwo ex,281,Special Illustration Rare,N/A,https://images.scrydex.com/pokemon/me2pt5-281/large
2026/01/30,Mega Evolution,Ascended Heroes,Mega Diancie ex,282,Special Illustration Rare,N/A,https://images.scrydex.com/pokemon/me2pt5-282/large
2026/01/30,Mega Evolution,Ascended Heroes,Mega Hawlucha ex,283,Special Illustration Rare,N/A,https://images.scrydex.com/pokemon/me2pt5-283/large
2026/01/30,Mega Evolution,Ascended Heroes,Mega Gengar ex,284,Special Illustration Rare,N/A,https://images.scrydex.com/pokemon/me2pt5-284/large
2026/01/30,Mega Evolution,Ascended Heroes,Mega Scrafty ex,285,Special Illustration Rare,N/A,https://images.scrydex.com/pokemon/me2pt5-285/large
2026/01/30,Mega Evolution,Ascended Heroes,N's Zoroark ex,286,Special Illustration Rare,N/A,https://images.scrydex.com/pokemon/me2pt5-286/large
2026/01/30,Mega Evolution,Ascended Heroes,Marnie's Grimmsnarl ex,287,Special Illustration Rare,N/A,https://images.scrydex.com/pokemon/me2pt5-287/large
2026/01/30,Mega Evolution,Ascended Heroes,Fezandipiti ex,288,Special Illustration Rare,N/A,https://images.scrydex.com/pokemon/me2pt5-288/large
2026/01/30,Mega Evolution,Ascended Heroes,Steven's Metagross ex,289,Special Illustration Rare,N/A,https://images.scrydex.com/pokemon/me2pt5-289/large
2026/01/30,Mega Evolution,Ascended Heroes,Mega Dragonite ex,290,Special Illustration Rare,N/A,https://images.scrydex.com/pokemon/me2pt5-290/large
2026/01/30,Mega Evolution,Ascended Heroes,Canari,291,Special Illustration Rare,N/A,https://images.scrydex.com/pokemon/me2pt5-291/large
2026/01/30,Mega Evolution,Ascended Heroes,Iris's Fighting Spirit,292,Special Illustration Rare,N/A,https://images.scrydex.com/pokemon/me2pt5-292/large
2026/01/30,Mega Evolution,Ascended Heroes,Surfer,293,Special Illustration Rare,N/A,https://images.scrydex.com/pokemon/me2pt5-293/large
2026/01/30,Mega Evolution,Ascended Heroes,Mega Charizard Y ex,294,Mega Hyper Rare,N/A,https://images.scrydex.com/pokemon/me2pt5-294/large
2026/01/30,Mega Evolution,Ascended Heroes,Mega Dragonite ex,295,Mega Hyper Rare,N/A,https://images.scrydex.com/pokemon/me2pt5-295/large
2026/03/27,Mega Evolution,Perfect Order,Mega Starmie ex,118,Special Illustration Rare,N/A,https://images.scrydex.com/pokemon/me3-118/large
2026/03/27,Mega Evolution,Perfect Order,Mega Clefable ex,119,Special Illustration Rare,N/A,https://images.scrydex.com/pokemon/me3-119/large
2026/03/27,Mega Evolution,Perfect Order,Mega Zygarde ex,120,Special Illustration Rare,N/A,https://images.scrydex.com/pokemon/me3-120/large
2026/03/27,Mega Evolution,Perfect Order,Meowth ex,121,Special Illustration Rare,N/A,https://images.scrydex.com/pokemon/me3-121/large
2026/03/27,Mega Evolution,Perfect Order,Jacinthe,122,Special Illustration Rare,N/A,https://images.scrydex.com/pokemon/me3-122/large
2026/03/27,Mega Evolution,Perfect Order,Rosa's Encouragement,123,Special Illustration Rare,N/A,https://images.scrydex.com/pokemon/me3-123/large
2026/03/27,Mega Evolution,Perfect Order,Mega Zygarde ex,124,Mega Hyper Rare,N/A,https://images.scrydex.com/pokemon/me3-124/large
2026/03/27,Mega Evolution,Perfect Order,Spewpa,89,Illustration Rare,N/A,https://images.scrydex.com/pokemon/me3-89/large
2026/03/27,Mega Evolution,Perfect Order,Rowlet,90,Illustration Rare,N/A,https://images.scrydex.com/pokemon/me3-90/large
2026/03/27,Mega Evolution,Perfect Order,Talonflame,91,Illustration Rare,N/A,https://images.scrydex.com/pokemon/me3-91/large
2026/03/27,Mega Evolution,Perfect Order,Aurorus,92,Illustration Rare,N/A,https://images.scrydex.com/pokemon/me3-92/large
2026/03/27,Mega Evolution,Perfect Order,Dedenne,93,Illustration Rare,N/A,https://images.scrydex.com/pokemon/me3-93/large
2026/03/27,Mega Evolution,Perfect Order,Clefairy,94,Illustration Rare,N/A,https://images.scrydex.com/pokemon/me3-94/large
2026/03/27,Mega Evolution,Perfect Order,Espurr,95,Illustration Rare,N/A,https://images.scrydex.com/pokemon/me3-95/large
2026/03/27,Mega Evolution,Perfect Order,Probopass,96,Illustration Rare,N/A,https://images.scrydex.com/pokemon/me3-96/large
2026/03/27,Mega Evolution,Perfect Order,Drapion,97,Illustration Rare,N/A,https://images.scrydex.com/pokemon/me3-97/large
2026/03/27,Mega Evolution,Perfect Order,Doublade,98,Illustration Rare,N/A,https://images.scrydex.com/pokemon/me3-98/large
2026/03/27,Mega Evolution,Perfect Order,Raticate,99,Illustration Rare,N/A,https://images.scrydex.com/pokemon/me3-99/large
2026/05/22,Mega Evolution,Chaos Rising,Mega Greninja ex,116,Special Illustration Rare,N/A,https://images.scrydex.com/pokemon/me4-116/large
2026/05/22,Mega Evolution,Chaos Rising,Mega Floette ex,117,Special Illustration Rare,N/A,https://images.scrydex.com/pokemon/me4-117/large
2026/05/22,Mega Evolution,Chaos Rising,Mega Dragalge ex,118,Special Illustration Rare,N/A,https://images.scrydex.com/pokemon/me4-118/large
2026/05/22,Mega Evolution,Chaos Rising,Cinccino ex,119,Special Illustration Rare,N/A,https://images.scrydex.com/pokemon/me4-119/large
2026/05/22,Mega Evolution,Chaos Rising,AZ's Tranquility,120,Special Illustration Rare,N/A,https://images.scrydex.com/pokemon/me4-120/large
2026/05/22,Mega Evolution,Chaos Rising,Roxie's Performance,121,Special Illustration Rare,N/A,https://images.scrydex.com/pokemon/me4-121/large
2026/05/22,Mega Evolution,Chaos Rising,Mega Greninja ex,122,Mega Hyper Rare,N/A,https://images.scrydex.com/pokemon/me4-122/large
2026/05/22,Mega Evolution,Chaos Rising,Chespin,87,Illustration Rare,N/A,https://images.scrydex.com/pokemon/me4-87/large
2026/05/22,Mega Evolution,Chaos Rising,Froakie,88,Illustration Rare,N/A,https://images.scrydex.com/pokemon/me4-88/large
2026/05/22,Mega Evolution,Chaos Rising,Frogadier,89,Illustration Rare,N/A,https://images.scrydex.com/pokemon/me4-89/large
2026/05/22,Mega Evolution,Chaos Rising,Ampharos,90,Illustration Rare,N/A,https://images.scrydex.com/pokemon/me4-90/large
2026/05/22,Mega Evolution,Chaos Rising,Xerneas,91,Illustration Rare,N/A,https://images.scrydex.com/pokemon/me4-91/large
2026/05/22,Mega Evolution,Chaos Rising,Claydol,92,Illustration Rare,N/A,https://images.scrydex.com/pokemon/me4-92/large
2026/05/22,Mega Evolution,Chaos Rising,Crobat,93,Illustration Rare,N/A,https://images.scrydex.com/pokemon/me4-93/large
2026/05/22,Mega Evolution,Chaos Rising,Metang,94,Illustration Rare,N/A,https://images.scrydex.com/pokemon/me4-94/large
2026/05/22,Mega Evolution,Chaos Rising,Sliggoo,95,Illustration Rare,N/A,https://images.scrydex.com/pokemon/me4-95/large
2026/05/22,Mega Evolution,Chaos Rising,Tauros,96,Illustration Rare,N/A,https://images.scrydex.com/pokemon/me4-96/large
2026/05/22,Mega Evolution,Chaos Rising,Watchog,97,Illustration Rare,N/A,https://images.scrydex.com/pokemon/me4-97/large
